-0.16209,-0.079765,-0.061488,-0.23666,-0.26617,-0.27276,-0.27509,-0.363,0.30335,0.39009,-0.085858,0.071029,0.2785,0.099433,-0.074626,0.033643,0.037859,0.016508,-0.033933,0.16387,-0.014877,0.10954,0.031438,-0.048386,-0.071975,0.018579,0.0079373,0.11818,0.047857,0.051992,-0.081823,0.057959,0.083548,0.010673,-0.091236,-0.090523,-0.018391,-0.013858,-0.020719,0.1025,-0.093157,0.024908,0.028652,-0.10507,-0.092339,-0.0015691,0.049731,0.04776,0.0030341,-0.065799,0.033636,-0.04001,-0.10177,0.040443,-0.032708,0.0647,0.0010221,0.074748,0.010412,-0.012919,-0.0046467,-0.066714,0.02673,-0.026778,0.0075265,-0.040077,-0.015132,0.04908,0.024582,0.029236,-0.0068128,0.022236,0.011554,0.012696,0.029079,-0.019414,0.0062267,-0.0021027,-0.014726,-0.003316,0.00077335,0.01772,-0.0093571,-0.00039607,-0.0015542,-0.0081718,0.0035482,-0.0029832,-0.0006357,0.0013528,0.00068583,0.0046344,0.0047692,0.0016148,0.0051997,-0.0028235,-0.0013458,-0.00019939,-0.00010861,0.1
-0.1659,-0.074579,-0.063641,-0.22509,-0.2352,-0.21045,-0.16252,-0.12438,0.0030869,-0.10656,0.13388,-0.12792,-0.21059,-0.14613,-0.03525,-0.14749,-0.014483,-0.02301,0.074065,-0.38457,-0.037015,-0.15338,-0.042455,0.1131,0.045718,-0.062159,0.088421,-0.01987,0.0039405,-0.11014,0.037148,-0.012326,-0.11401,-0.073084,-0.063532,0.047157,0.0232,-0.12513,0.10781,-0.27739,0.062669,0.0069704,-0.044949,-0.040748,0.12451,0.12152,-0.16015,-0.19951,-0.10236,-0.097974,-0.080215,0.14159,-0.061851,-0.13275,-0.026112,-0.066633,0.035842,0.058159,-0.12039,-0.027997,-0.11272,-0.041023,-0.13106,0.048828,0.082266,-0.10305,0.049674,0.0097321,-0.093126,0.048733,0.051517,-0.027297,0.036632,-0.010419,0.063163,0.027695,0.034821,0.014916,-0.025878,0.024318,-0.0185,0.0092499,0.02763,-0.0078313,-0.01572,-0.0015431,0.0019911,0.0053371,0.0076339,0.0050174,0.00053303,-0.013243,-0.00033206,-0.0035994,-0.0056567,0.0019592,-0.0004521,0.0013072,0.00051349,0.1
-0.16903,-0.068876,-0.065832,-0.21126,-0.20059,-0.15199,-0.10172,-0.04936,-0.024145,-0.048231,-0.16119,0.14641,-0.051951,0.050284,0.17186,0.17572,-0.0096605,-0.010365,-0.065169,0.21822,0.077833,0.005338,0.014781,-0.053527,0.085872,0.058248,-0.084026,-0.15028,-0.11314,0.054207,0.11323,-0.087025,-0.068795,0.034865,0.23288,0.15539,0.0063743,0.13521,-0.049938,-0.00091571,0.17245,-0.091364,-0.032158,0.26431,0.1026,-0.070393,-0.028304,-0.0042423,0.078997,0.19968,-0.018384,0.069082,0.25988,-0.087353,0.06419,-0.15133,-0.0090535,-0.21523,-0.030378,0.048289,0.040799,0.19043,-0.10672,0.10033,0.0060767,0.094338,0.06293,-0.15267,-0.11453,-0.08813,0.047343,-0.085106,-0.01342,-0.056557,-0.065465,0.058947,0.0092119,0.026325,0.02665,0.0080372,0.017582,-0.052826,0.025203,0.032569,-0.008562,0.0193,-0.010532,0.011461,0.001102,-0.011861,-0.00028945,0.00091653,-0.00020045,0.0037699,0.0010069,-0.001742,0.0056938,-0.0029784,0.0048798,0.1
-0.17212,-0.061731,-0.068063,-0.19592,-0.16475,-0.096523,-0.030996,0.04887,-0.10093,-0.1591,0.30352,-0.2664,-0.075662,-0.079946,-0.16749,-0.16137,-0.0054683,0.024875,0.074816,-0.17824,-0.043181,0.014186,-0.071771,0.014267,-0.04475,-0.067229,0.021537,0.060286,0.086744,0.013812,-0.05854,0.051176,0.07881,-0.01188,-0.04032,-0.063202,-0.0073988,0.019897,-0.019609,0.12709,-0.10114,0.028762,0.058141,0.028276,-0.092669,-0.06447,0.16549,0.16498,0.060247,0.075485,0.048267,-0.13958,0.12275,0.18047,0.056258,0.020614,-0.075497,-0.1586,0.1809,0.063081,0.17064,0.15041,0.15661,-0.023326,-0.14104,0.23911,-0.035502,-0.11297,0.11689,-0.16058,-0.066286,-0.025005,-0.076359,-0.04718,-0.17855,0.0015053,-0.085942,-0.013985,0.078792,-0.038578,0.022397,-0.074031,-0.030903,0.01533,0.034717,0.0097298,-0.023376,-0.0062715,-0.02386,-0.0054899,-0.0043198,0.01461,0.0048292,0.010729,0.0012534,0.005347,0.0015026,0.00056461,-0.0011039,0.1
-0.1743,-0.053817,-0.070909,-0.1796,-0.12719,-0.036775,0.022904,0.11257,-0.13913,-0.17858,-0.31735,0.29529,-0.1783,0.0040195,0.21272,0.11904,-0.030143,-0.046468,-0.03828,-0.00371,0.035577,-0.12061,0.039667,0.038537,0.066059,0.030201,-0.019943,-0.089605,-0.051174,-0.092044,0.082405,-0.049845,-0.08909,0.033967,-0.0036555,0.011067,0.02724,-0.022749,0.064525,-0.043725,-0.0025987,0.023396,-0.0013782,-0.094479,-0.025106,0.014812,-0.034396,-0.013664,-0.07095,-0.078989,0.03112,-0.085523,-0.16329,0.090543,-0.035707,0.1391,0.0086658,0.16773,0.10372,-0.037486,0.047409,-0.12373,0.23115,-0.14779,-0.14191,0.082653,-0.15231,0.14812,0.26869,-0.0025354,-0.16383,0.1513,-0.055468,0.11263,-0.082576,-0.096604,-0.1084,-0.053044,0.053849,-0.064955,-0.0096776,0.036144,-0.10111,-0.039916,0.045582,-0.020181,-0.014785,-0.020102,-0.0090706,-0.0058957,0.0019126,0.0049675,-0.011204,0.00014368,-0.0056981,0.0047631,-0.0053279,0.0029766,-0.0044998,0.1
-0.17618,-0.045605,-0.073692,-0.16108,-0.089234,0.009464,0.071774,0.16276,-0.14138,-0.1247,0.33706,-0.31346,0.08495,0.077015,-0.031862,0.014383,0.027802,0.05492,-0.02868,0.19142,0.025869,0.12334,0.0053948,-0.059885,-0.0040554,0.049723,-0.054462,-0.065876,-0.040446,0.12578,0.0042814,-0.05469,0.014995,0.024549,0.18067,0.070725,-0.02023,0.11859,-0.11358,0.12388,0.070841,-0.026026,-0.036699,0.12637,0.018778,-0.056186,-0.005816,0.028222,0.093337,0.053631,-0.024227,0.027428,0.0021885,-0.074108,-0.0080137,0.03264,0.028622,0.10218,-0.067036,-0.075315,-0.10319,-0.18677,-0.00067858,-0.091369,0.078697,-0.20638,-0.071412,0.21023,0.07777,0.2186,-0.02504,0.2025,0.03934,0.17229,0.20493,-0.11157,0.031416,-0.058734,-0.085591,0.0041321,-0.045917,0.162,-0.045991,-0.066195,0.0016893,-0.025132,0.039855,-0.016494,0.029458,0.0065603,0.012114,-0.0096228,-0.0041097,-0.0024093,0.0051542,-0.0069178,-0.0017113,-0.00028008,-0.0052213,0.1
-0.17653,-0.03619,-0.076933,-0.14187,-0.052489,0.055791,0.10557,0.18116,-0.1225,-0.13896,-0.29146,0.28861,-0.14309,-0.040337,-0.06665,-0.064451,-0.032984,-0.014501,0.069972,-0.11835,-0.046314,-0.0065965,-0.015529,-0.0072311,-0.076072,-0.032661,0.016571,0.090533,0.092369,-0.049755,-0.081269,0.076044,0.17345,0.01867,-0.12742,-0.1094,-0.018122,0.0056088,-0.059611,0.14608,-0.12374,0.049595,0.054902,-0.044554,-0.10329,-0.064194,0.19979,0.14133,0.051153,0.053271,0.041636,-0.10109,0.096334,0.06662,0.041666,-0.024794,-0.048324,-0.072992,0.003418,0.01753,0.0051986,0.017547,-0.064574,0.044525,0.12494,-0.20549,0.094418,0.0088274,-0.21347,0.17673,0.1576,-0.037244,0.10613,-0.03725,0.25884,0.01885,0.17664,0.0091273,-0.15221,0.12546,-0.024199,0.09838,0.12287,-0.010974,-0.064222,0.022852,0.070788,0.017506,0.032746,0.029045,0.010628,-0.0078525,0.0018401,-0.0065624,0.0079794,-0.0032961,0.00066593,-0.0013816,0.0010796,0.1
-0.17597,-0.025795,-0.080485,-0.12096,-0.015698,0.089841,0.13133,0.18374,-0.089233,-0.035112,0.19295,-0.18521,0.18868,0.10445,0.19635,0.18518,0.0030864,-0.044016,-0.1049,0.22762,0.04328,-0.017029,0.05087,0.019449,0.079995,0.048721,-0.02155,-0.047588,-0.1023,-0.046606,0.044151,-0.0083847,-0.14102,0.037397,-0.057148,-0.040762,0.060364,-0.090217,0.08751,-0.069805,-0.067344,0.022321,0.012606,-0.23487,-0.03198,0.073834,-0.070497,0.0030697,-0.099079,-0.15625,0.055478,-0.10718,-0.22293,0.10476,-0.034567,0.11322,-0.020769,0.063792,0.064907,0.033696,0.037074,0.021856,0.049049,0.02491,-0.025055,0.016959,0.063268,-0.096902,-0.17811,-0.043478,0.10501,-0.25773,0.054428,-0.22986,0.010275,0.16372,0.11031,0.11061,-0.061036,0.10636,0.043068,-0.10419,0.19389,0.091812,-0.092636,0.057461,0.0045539,0.047053,0.0062901,0.018,-0.013738,-0.0025713,0.0053866,-0.010849,0.0087349,0.0055321,-0.0050687,-0.0044326,0.0048165,0.1
-0.17416,-0.015239,-0.0836,-0.1011,0.016636,0.1165,0.14083,0.16519,-0.067326,-0.014107,-0.14935,0.13021,-0.0042355,-0.020295,-0.26538,-0.24282,0.042189,0.10693,0.072252,0.056031,-0.039866,0.15163,0.032211,-0.098885,-0.16596,0.0072072,-0.021747,0.07714,0.093276,0.17696,-0.078453,-0.023046,0.14628,-0.03379,0.098944,0.016728,-0.10884,0.096171,-0.098017,0.061401,0.066199,-0.017371,-0.058292,0.052694,0.028392,0.002784,-0.10071,-0.13117,0.014607,-0.077463,-0.073827,0.13338,-0.15043,-0.16146,-0.067596,0.05119,0.12159,0.19581,-0.12889,-0.059247,-0.10878,-0.12476,-0.061841,-0.016246,-0.025876,0.016422,-0.0029673,0.0045305,0.0060807,-0.14738,-0.046267,-0.17521,-0.043253,-0.12362,-0.22264,0.13813,-0.067235,0.10671,0.12548,-0.070814,0.080428,-0.2414,0.037641,0.10958,-0.0095707,0.01255,-0.10282,0.041482,-0.039818,-0.023243,-0.043705,0.019178,-0.007608,-0.012943,-0.011749,0.0036171,0.0011812,0.0065985,-0.0016906,0.1
-0.17113,-0.0039078,-0.087237,-0.079232,0.046143,0.13569,0.1443,0.1417,0.0020453,0.084078,0.052313,-0.041413,0.1887,0.056671,0.213,0.2667,-0.035292,-0.10336,-0.0084293,-0.048623,-0.046961,-0.082564,-0.049072,0.074313,0.04773,-0.047388,0.066439,0.061862,0.0091264,-0.19389,-0.087209,0.13852,0.087859,-6.8842e-05,-0.24447,-0.13075,0.073973,-0.11911,0.012436,0.046308,-0.1128,0.0050884,0.022016,-0.011826,-0.012796,-0.0051269,0.090898,0.038634,0.03874,0.074143,-0.014275,0.12753,0.15454,-0.078689,0.0056076,-0.14275,0.048652,-0.050544,-0.17549,-0.012361,-0.14003,-0.041241,-0.23892,0.071033,0.16566,-0.062751,0.038222,0.028957,0.0098104,-0.05164,-0.065899,0.069298,-0.022615,0.10987,-0.16686,-0.037521,-0.1509,-0.028609,0.17688,-0.18897,0.029252,-0.1415,-0.20019,0.00094096,0.12211,-0.077403,-0.12386,-0.029471,-0.076448,-0.055517,-0.022998,0.016588,-0.0031682,-0.0049453,-0.028494,-0.00016784,0.0092174,0.010044,-0.0043488,0.1
-0.16651,0.0073854,-0.090905,-0.058783,0.073414,0.14339,0.13289,0.092749,0.030171,0.089317,-0.071424,0.050496,0.061142,-0.061096,-0.2616,-0.27229,0.065699,0.062596,-0.064091,0.17025,0.054469,0.070487,0.12384,-0.068018,-0.0029753,0.046185,-0.040788,0.0038834,-0.069268,0.15029,0.079896,-0.062421,-0.19436,-0.0091253,0.034841,0.015502,-0.0092209,-0.10257,0.10942,-0.21276,-0.014087,0.011782,0.060371,-0.20959,0.0048537,0.07925,-0.093733,-0.027195,-0.13371,-0.078706,0.078327,-0.042569,-0.018369,0.078754,0.039913,-0.068157,-0.085117,-0.18418,0.048544,0.077415,0.05293,0.19015,-0.081682,0.13653,0.091873,0.017423,0.092396,-0.13748,-0.063506,-4.1961e-05,0.046349,0.11649,-0.0016677,0.12603,0.047696,-0.1488,-0.05177,-0.13628,0.042452,-0.097149,-0.065503,0.1355,-0.25717,-0.1248,0.15782,-0.1207,0.014165,-0.10475,-0.053442,-0.043804,0.021455,0.01861,0.0091412,0.02188,-0.033671,-0.0047427,0.020682,-0.0025106,0.0061837,0.1
-0.1604,0.018964,-0.094204,-0.037323,0.095199,0.14846,0.11904,0.052015,0.080124,0.14877,-0.0053642,-0.015928,0.14346,0.030142,0.16223,0.20618,-0.043372,-0.025692,0.12422,-0.1956,-0.071532,0.027955,-0.099667,0.014017,-0.092445,-0.063484,0.030052,0.063971,0.17877,-0.034114,-0.12857,0.0057056,0.22285,-0.073978,0.0071529,0.027654,-0.075824,0.10188,-0.072269,0.0061208,0.15328,-0.048584,-0.10748,0.12759,0.093122,0.046343,-0.15518,-0.18347,-0.024134,-0.056427,-0.12408,0.094121,-0.12557,-0.077097,-0.056268,0.071592,0.029139,-0.0017492,0.094348,0.053007,0.11447,0.11784,0.102,0.040777,-0.1627,0.20823,0.0097841,-0.19391,0.0032826,-0.071744,0.080966,0.0025418,-0.064379,-0.011216,0.10324,-0.099097,0.061262,-0.085299,-0.096479,0.08299,-0.086995,0.2842,-0.047252,-0.14503,0.005719,-0.04846,0.17574,-0.10896,0.040479,-0.010711,0.067309,-0.010381,0.031943,0.042978,0.011986,-0.01614,0.0055561,-0.0060157,0.0081432,0.1
-0.15335,0.030429,-0.097892,-0.017148,0.11212,0.14178,0.096327,-0.0022257,0.1014,0.14795,-0.019862,0.027984,0.040428,-0.066982,-0.19538,-0.1921,0.063804,-0.027301,-0.157,0.068818,0.050091,-0.098544,0.072191,0.081765,0.13576,-0.017835,0.055332,-0.025724,-0.20497,-0.085901,0.094147,0.11341,-0.15465,0.040742,-0.15056,-0.045735,0.092022,-0.14953,0.054898,-0.0025856,-0.1223,-0.0036567,0.02313,0.12862,0.035031,-0.020424,0.084893,0.036821,0.10457,0.15699,-0.040354,0.18077,0.17547,-0.12762,-0.010504,-0.085039,0.082841,0.074794,-0.074148,-0.06115,-0.063165,-0.06568,0.03083,-0.09478,-0.16196,0.14863,-0.065411,0.023369,0.18631,-0.096417,-0.07145,0.0033079,-0.080407,-0.054535,-0.050743,0.019924,0.051918,0.022716,-0.10959,0.1509,-0.011523,0.17981,0.21088,-0.038084,-0.17172,0.10189,0.19922,-0.026157,0.15569,0.051987,0.093547,-0.050548,0.032348,0.034143,0.056573,-0.023634,-0.025568,-0.018355,0.0097345,0.1
-0.14495,0.041642,-0.10161,0.0019448,0.12526,0.13403,0.071775,-0.032436,0.12504,0.16628,-0.0021845,-0.016285,0.025064,-0.032958,0.1086,0.11711,-0.06137,0.032484,0.19237,-0.1763,-0.012343,0.073696,-0.056842,-0.11772,-0.12002,0.041868,-0.039849,-0.00025817,0.18032,0.13641,-0.037229,-0.17454,-0.049138,-0.072897,0.14379,0.098864,-0.054888,0.025288,0.10027,-0.20962,0.091856,0.0012465,0.070957,-0.17645,0.015968,0.028235,-0.008155,0.052452,-0.10442,0.006675,0.13459,-0.12417,0.17104,0.10194,0.091984,-0.10746,-0.083773,-0.17164,-0.037321,0.0049027,-0.044168,0.01805,-0.053244,-0.034864,0.074087,-0.058456,-0.097743,0.1905,0.16404,0.048693,-0.1439,0.12771,-0.013603,0.073644,-0.090972,0.052509,-0.05059,0.070687,-0.011699,0.067547,0.056004,-0.099536,0.22388,0.10291,-0.1774,0.18855,0.045917,0.11773,0.14795,0.11682,0.037847,-0.076257,-0.010168,-0.0022171,0.073468,-0.011032,-0.044117,-0.011887,-0.012008,0.1
-0.13505,0.052081,-0.10505,0.020434,0.13448,0.11879,0.045414,-0.081433,0.11366,0.11923,0.021296,0.010013,-0.035153,-0.039728,-0.11172,-0.10232,0.055283,-0.055659,-0.19654,0.020704,-0.010973,-0.16151,0.011893,0.19394,0.10343,-0.078363,0.056658,0.014948,-0.11847,-0.15798,0.052814,0.12586,0.10183,0.013891,-0.029265,0.010401,0.0026489,0.077474,-0.10725,0.096807,0.16772,-0.065425,-0.11571,0.23608,0.031054,0.010748,-0.12165,-0.12081,0.00023322,-0.049835,-0.093285,-0.088686,-0.13752,0.083818,0.0097565,0.058017,-0.11841,-0.10111,0.17386,0.061002,0.18901,0.1292,0.091016,0.03195,0.049406,-0.10293,0.0018419,0.073436,-0.046155,0.18037,-0.0036624,0.14493,0.088738,0.13553,0.096996,-0.0017391,-0.084563,0.016054,0.049925,-0.052994,0.042132,-0.24919,0.0398,0.15567,-0.012557,0.13583,-0.1687,0.21805,0.025155,0.10741,-0.065372,-0.061339,-0.060192,-0.051718,0.036681,0.026143,-0.031256,-0.00049519,-0.033382,0.1
-0.12439,0.062336,-0.10801,0.037258,0.13959,0.10039,0.013098,-0.10367,0.11831,0.10708,-0.00078918,-0.027566,-0.055552,-0.064759,0.075507,0.039574,-0.089116,0.065833,0.19724,-0.16612,0.078427,0.10999,-0.068609,-0.17538,0.023625,0.079395,-0.065683,-0.096453,0.027892,0.089776,0.099244,-0.10658,-0.22904,0.030138,0.026682,0.022988,0.044956,-0.11145,0.10831,-0.028612,-0.19993,0.045614,0.073912,0.1014,0.00023262,-0.051432,0.15279,0.081687,0.1146,0.14637,-0.081382,0.11862,0.049816,-0.1001,-0.085398,0.086964,0.078723,0.19881,0.040986,-0.029132,0.10036,-0.050434,0.17475,-0.05298,-0.1418,0.058632,0.0015803,-0.10661,-0.11995,0.070276,0.12982,-0.020345,0.091637,0.010001,0.22737,-0.04635,0.066665,-0.012157,-0.0082184,-0.064426,-0.034848,-0.13438,-0.10688,0.071431,0.13883,-0.024215,-0.2342,0.16735,-0.12956,0.040015,-0.1587,0.017774,-0.08322,-0.095367,-0.02196,0.046477,-0.007625,0.017006,-0.019332,0.1
-0.11258,0.071636,-0.11103,0.051777,0.13919,0.07911,-0.0080265,-0.13634,0.097763,0.059527,0.044119,-0.026051,-0.13708,-0.0017797,-0.0061929,-0.012208,0.049773,-0.051434,-0.21039,0.034471,-0.076546,-0.20684,0.021944,0.21216,-0.023097,-0.064954,0.059257,0.033303,-0.021107,-0.028914,-0.085879,-0.038805,0.14028,-0.057321,0.14554,0.11272,-0.041338,0.16647,-0.043281,-0.080625,0.21737,0.023241,0.043915,-0.14891,-0.015097,-0.010184,0.046597,0.10221,-0.039796,0.0047803,0.19053,-0.15199,0.1863,0.069745,0.085523,-0.073924,0.036434,0.041324,-0.076901,-0.084869,-0.15145,-0.16559,0.021912,-0.12047,-0.0554,0.061999,-0.072492,0.038798,0.053658,-0.096053,0.022218,-0.19977,-0.0089991,-0.16335,0.10232,0.0086333,0.16642,0.0079871,-0.079678,0.027256,-0.063049,0.093333,-0.099088,-0.038622,0.12145,-0.15535,-0.14185,0.0070868,-0.22736,-0.068729,-0.16759,0.10132,-0.068653,-0.083086,-0.090249,0.051504,0.019804,0.025036,0.0010033,0.1
-0.10024,0.080156,-0.11388,0.065046,0.13644,0.057249,-0.032587,-0.14329,0.089445,0.0062761,0.026637,0.0095825,-0.090412,-0.031961,0.016709,-0.007247,-0.074019,0.069815,0.17598,-0.10889,0.13204,0.15414,-0.067162,-0.17668,0.11767,0.052422,-0.056182,-0.10118,-0.042278,-0.098819,0.1744,0.068612,-0.13058,0.10189,-0.092965,-0.026272,0.052909,0.0038214,-0.083973,0.18533,-0.049478,-0.045857,-0.12239,0.20507,-0.025366,-0.067352,-0.085225,-0.054735,-0.023861,-0.081593,-0.055313,-0.15009,-0.15554,0.13131,0.050881,0.017341,-0.14687,-0.14022,0.010805,0.021233,-0.051774,0.0059606,-0.087239,-0.013552,0.15427,-0.16855,-0.044876,0.18626,0.068967,-0.043437,-0.10699,-0.11512,-0.065084,-0.14591,-0.18059,0.10253,0.065726,0.043188,-0.027938,0.089709,0.024064,0.14347,0.027741,-0.1032,0.00077115,-0.16123,0.042483,-0.17062,-0.17395,-0.17408,-0.067717,0.14667,0.0032986,-0.030296,-0.11442,0.030069,0.05707,0.036581,0.025741,0.1
-0.086691,0.087641,-0.11665,0.07695,0.13132,0.030258,-0.053678,-0.14599,0.047216,-0.030065,0.032699,-0.042217,-0.17716,0.016472,0.078674,0.033591,0.0095722,-0.040292,-0.16408,0.043378,-0.14013,-0.18554,0.026745,0.16561,-0.091769,-0.005647,-0.015724,0.054974,0.037267,0.16621,-0.083938,-0.15927,0.030361,-0.031911,0.18688,0.039985,-0.048377,-0.023878,0.14034,-0.026002,-0.11054,0.076446,0.12965,0.023746,-0.031041,0.020893,0.16373,0.084082,0.12551,0.12325,-0.061678,0.10555,-0.12347,-0.075759,-0.12652,0.15037,0.039617,0.11378,0.085827,0.058631,0.16571,0.086756,0.033064,0.094572,0.0946,-0.18459,0.095705,0.023201,-0.12568,0.12164,-0.01642,0.082126,0.0081429,0.037617,-0.23011,0.10913,-0.12538,0.038089,0.067973,0.017788,0.099506,0.0021325,0.078388,-0.053687,-0.092377,-0.077998,0.16787,-0.23411,-0.014995,-0.17561,0.086002,0.10647,0.083383,0.064075,-0.093049,-0.010066,0.081825,0.028504,0.036945,0.1
-0.072582,0.094278,-0.11878,0.086698,0.12133,0.0078063,-0.077854,-0.15257,0.023774,-0.086582,0.034694,-0.01347,-0.098143,0.0069517,-0.016109,-0.028952,-0.030541,0.056443,0.12358,0.020199,0.16263,0.16849,-0.042395,-0.096624,0.14197,-0.01285,0.068497,-0.074925,-0.051295,-0.22263,0.075399,0.11615,0.040019,0.023576,-0.050366,0.0088155,0.044613,0.17585,-0.17289,0.022629,0.19149,-0.0019109,-0.054076,-0.2382,-0.045083,-0.063236,-0.00073224,0.053246,-0.056531,-0.080528,0.17836,-0.079381,0.1582,-0.030832,0.017249,-0.0018829,0.13085,0.18743,-0.03652,-0.089136,-0.016329,-0.10186,0.072182,0.013315,-0.088446,0.066723,0.090556,-0.18655,-0.16575,0.10325,0.10331,0.062186,0.070412,0.11119,0.02199,-0.0014148,-0.154,-0.019251,0.1154,-0.11814,0.075063,-0.14647,0.023277,0.033483,-0.057824,0.028151,0.14812,-0.18584,0.13951,-0.087318,0.19753,0.010444,0.13742,0.13451,-0.014874,-0.053515,0.055847,-0.012695,0.033874,0.1
-0.058102,0.099317,-0.1205,0.094938,0.10995,-0.015853,-0.083149,-0.13452,-0.0014147,-0.11933,0.017915,-0.0035565,-0.13816,0.068049,0.073625,0.037099,-0.01679,-0.024511,-0.12058,-0.0043892,-0.1267,-0.14043,0.024685,0.028184,-0.16471,0.073891,-0.14207,0.030452,0.017882,0.23277,-0.060612,-0.067738,-0.095258,0.042303,-0.034941,-0.034142,-0.0048034,-0.10489,0.048674,0.179,-0.20134,-0.035367,-0.075208,0.20903,-0.035768,-0.05936,-0.073102,-0.055948,-0.033718,-0.15467,-0.026553,-0.11459,-0.087884,0.11215,0.096009,-0.045966,-0.088005,-0.10967,-0.096912,-0.015182,-0.23329,-0.14115,-0.10349,-0.081319,-0.0076057,0.11653,-0.047154,-0.091221,0.023307,-0.11717,0.1019,-0.11807,0.04241,-0.0097307,0.19896,-0.11342,5.1089e-05,-0.057462,0.039956,-0.14973,-0.035455,-0.12171,-0.095594,0.070176,0.053523,0.082982,0.041722,-0.050493,0.21159,0.048093,0.20482,-0.098203,0.13027,0.15618,0.089337,-0.088431,0.0013664,-0.043265,0.026193,0.1
-0.043116,0.10345,-0.1223,0.10029,0.095211,-0.035292,-0.1005,-0.11726,-0.04626,-0.14503,0.022486,0.020778,-0.067736,0.03729,-0.003504,-0.0013125,-0.0093149,0.053486,0.083246,0.1386,0.092225,0.1721,-0.024806,-0.0051746,0.15198,-0.091146,0.14696,0.016503,0.0083228,-0.20749,0.045282,-0.0064562,0.17516,-0.0081455,0.15213,0.0016688,0.010375,0.065597,0.034808,-0.10655,0.0070684,0.08748,0.16105,-0.13913,-0.0040809,0.091868,0.15887,0.068425,0.11941,0.10326,-0.13497,0.12939,-0.23375,-0.025743,-0.1045,0.062954,-0.00023836,-0.071339,0.033899,0.098215,0.015922,0.089766,-0.12944,0.028268,0.13064,-0.07274,-0.028504,0.12663,0.10785,-0.20951,-0.087504,-0.14387,-0.06966,-0.11059,0.04328,-0.081851,0.12628,-0.028929,-0.030454,-0.028115,-0.12461,0.029217,-0.16706,0.00043296,0.10216,0.070187,-0.074583,0.12016,0.15311,0.15017,0.12145,-0.16373,0.045751,0.095848,0.16749,-0.078197,-0.05892,-0.065901,0.0063766,0.1
-0.027998,0.10679,-0.12341,0.10458,0.079147,-0.056984,-0.10569,-0.096163,-0.058373,-0.15515,0.015609,-0.03503,-0.050806,0.10895,0.040207,0.002936,-0.013241,-0.039615,-0.041408,-0.018779,-0.036694,-0.10398,0.024954,-0.052305,-0.1846,0.12406,-0.14951,-0.0014203,-0.04063,0.16448,-0.080534,0.096822,-0.14568,0.047813,-0.22932,-0.055329,-0.028079,0.02662,-0.16526,0.13741,0.057307,-0.051444,-0.152,-0.17439,-0.031642,-0.072224,-0.1207,0.013739,-0.094034,-0.030611,0.10464,0.056904,0.16081,-0.13309,-0.070967,-0.0012349,0.11828,0.14194,0.0095007,-0.036445,0.17193,0.14922,0.027454,0.15309,0.01635,-0.10013,0.10938,0.049803,-0.054998,0.00060621,-0.12791,0.046656,-0.091826,-0.03757,-0.22976,0.033376,0.083086,0.0016167,-0.045862,0.1103,-0.073298,0.18202,-0.10554,-0.083009,0.060437,0.0070795,-0.10499,0.19745,0.0074747,0.18129,-0.0364,-0.16271,-0.073147,-0.021985,0.15722,-0.02874,-0.10423,-0.062315,-0.035238,0.1
-0.012576,0.1081,-0.12457,0.10706,0.062931,-0.072346,-0.10008,-0.062068,-0.081062,-0.15908,0.0014816,0.024002,-0.014498,0.01767,0.0072035,0.034547,0.066566,0.03018,0.030443,0.18261,-0.029329,0.20038,0.028223,0.036831,0.098686,-0.091307,0.13235,0.089362,0.093282,-0.10545,-0.009605,-0.070963,0.1772,-0.070445,0.16076,-0.051575,0.031225,-0.14928,0.16235,-0.016208,-0.22537,0.0054449,0.02384,0.17132,-0.021439,0.031435,-0.021549,-0.1216,-0.029191,-0.17712,0.027357,-0.085781,0.0075048,0.064207,0.12749,-0.10883,-0.024278,0.0062586,-0.10365,-0.067091,-0.13767,-0.090993,0.011639,0.028068,-0.12095,0.13463,0.08885,-0.16802,-0.12094,0.16,0.041596,0.18453,-0.0045747,0.088683,-0.21659,0.099663,-0.10095,-0.0042419,-0.016263,0.10648,0.03175,0.18235,0.052939,-0.095503,-0.05042,-0.023548,-0.027307,0.14373,-0.10134,0.12459,-0.14433,-0.06001,-0.14484,-0.13778,0.067732,0.030789,-0.1083,-0.02019,-0.061605,0.1
0.0026787,0.10828,-0.12487,0.10733,0.045648,-0.08687,-0.10422,-0.045417,-0.10028,-0.15103,-0.027918,0.0068933,0.081064,0.1883,-0.011332,-0.048762,-0.098174,-0.0064743,-0.020651,-0.037935,0.034891,-0.095263,-0.0058193,-0.092388,-0.085616,0.063397,-0.088265,0.005524,-0.089624,0.078054,-0.042315,0.11696,-0.056448,0.072954,-0.17786,-0.018684,-0.073236,0.12925,-0.12137,-0.063797,0.14852,0.056151,0.096525,-0.20342,0.043556,0.085878,0.075288,0.039639,0.094455,0.1465,-0.16195,0.17666,-0.21051,0.0030706,-0.035795,0.040538,-0.11097,-0.23275,-0.004429,0.12211,-0.1636,-0.090956,-0.10588,-0.088024,-0.0023631,0.1841,-0.082689,-0.14391,0.082769,-0.0022094,0.14745,0.099615,0.038452,0.13856,0.069504,-0.010273,-0.14416,0.020275,0.0096821,0.015202,0.098702,0.0095686,0.17481,-0.014756,-0.11357,-0.026962,0.072738,0.016513,-0.10095,-0.0081928,-0.17821,0.075469,-0.14266,-0.18478,-0.05204,0.086285,-0.060142,0.025746,-0.058329,0.1
0.017495,0.10752,-0.1254,0.1063,0.027297,-0.097042,-0.09013,-0.014374,-0.093806,-0.12572,-0.013276,0.0031905,-0.031569,-0.11355,0.03111,0.068953,0.25877,-0.075415,0.059867,0.17238,-0.097516,0.19957,0.067562,0.060679,-0.017984,-0.052746,0.10393,0.043737,0.10744,0.019082,-0.031678,-0.013006,0.00061445,-0.12041,-0.035346,-0.11661,0.045058,-0.17413,0.021556,0.028796,-0.073537,-0.11444,-0.16221,-0.053545,0.017886,-0.063555,-0.15307,-0.0095518,-0.12855,-0.017728,0.050166,0.086518,0.18635,-0.12154,-0.097148,0.01718,0.10186,-0.0062636,0.068015,0.052776,0.18849,0.14738,-0.028194,-0.020201,0.10321,-0.038715,-0.12719,0.097675,0.19313,-0.19751,0.022109,-0.067226,0.024625,0.049785,0.28948,-0.13305,-0.014775,-0.025683,0.01643,-0.050229,0.049864,-0.1094,0.15364,0.062929,-0.082207,0.032994,0.10149,-0.076611,-0.044493,-0.094818,-0.11981,0.13921,-0.068285,-0.12931,-0.13022,0.10799,0.026928,0.066068,-0.039944,0.1
0.032854,0.10529,-0.12532,0.10396,0.0070892,-0.10284,-0.087335,0.043499,-0.13706,-0.11067,-0.058822,0.025647,0.35803,0.33123,-0.11512,-0.087938,-0.32449,0.126,-0.056664,-0.13595,0.061184,-0.13612,-0.049884,-0.060956,0.009111,-0.0048427,-0.053491,0.055328,-0.0878,-0.066301,-0.018046,0.020278,0.10901,0.10091,0.086501,0.10716,-0.031635,-0.014291,0.11873,-0.093423,-0.094125,0.075231,0.10049,0.14538,0.0015686,0.11811,0.0086385,-0.1223,-0.030677,-0.11983,0.045198,-0.052925,0.13362,-0.0045137,0.10615,-0.11866,0.048102,0.12952,-0.014524,-0.10163,0.10298,0.14871,0.090613,0.10921,-0.048426,-0.073946,0.038841,0.12134,0.03303,-0.040189,-0.13264,-0.037107,-0.022086,-0.039266,0.096135,-0.10816,0.090372,-0.039918,-0.013901,-0.063932,-0.04838,-0.091239,0.024185,0.072053,-0.029346,0.06253,0.040111,-0.061026,0.028553,-0.078948,-0.0086118,0.098802,0.0036944,-0.031776,-0.12944,0.082251,0.070599,0.07453,-0.0055195,0.1
0.047233,0.10147,-0.12399,0.099431,-0.0096705,-0.10774,-0.061078,0.072347,-0.083345,-0.0031059,-0.013278,-0.00069903,0.045461,-0.20563,0.026039,0.081789,0.32911,-0.16525,0.074004,0.088119,-0.06972,0.06846,0.052199,-0.062995,-0.053236,0.024269,0.0083415,-0.013871,0.049391,0.082539,-0.047047,0.079323,-0.067914,-0.052119,-0.20173,-0.032664,-0.052167,0.045194,-0.063578,-0.11123,0.10308,0.024214,0.1177,0.0039425,0.1027,0.10504,0.045644,-0.055133,0.10267,0.10223,-0.16362,0.004076,-0.071929,0.087022,0.12297,-0.14245,-0.14019,-0.03749,-0.034581,-0.10773,-0.091315,-0.019117,0.16287,0.070916,-0.21795,0.012232,0.10805,0.077165,-0.111,0.19752,-0.21363,0.051947,-0.059329,-0.10724,-0.070171,-0.021154,0.18276,-0.0074954,-0.063405,-0.012991,-0.15246,-0.0834,-0.093426,0.10908,0.040449,0.11845,-0.045014,-0.022462,0.068721,-0.083902,0.065687,0.096534,0.083741,0.04514,-0.17605,0.057421,0.14684,0.10197,0.036383,0.1
0.060866,0.096459,-0.12299,0.094456,-0.026662,-0.10888,-0.051278,0.096669,-0.091989,0.0054604,-0.086625,0.025145,0.24064,0.095638,-0.094952,-0.062273,-0.14943,0.064917,-0.020416,-0.10175,-0.0055778,0.0071657,0.0021611,0.15162,0.028704,-0.047969,0.072511,-0.019565,0.058529,-0.025707,0.043935,-0.10159,-0.01446,-0.11778,0.11325,-0.071111,0.099472,-0.17072,0.035021,0.041193,0.050557,-0.16455,-0.19455,-0.076536,0.032585,-0.15881,-0.11858,0.12104,-0.1032,0.14482,0.057508,0.093388,0.054534,-0.048615,-0.14649,0.15899,-0.031473,-0.2073,0.074388,0.13142,-0.013033,-0.16353,-0.034501,-0.19336,-0.0063168,0.074187,-0.098347,-0.021106,-0.040702,0.21347,0.066864,0.078753,0.016438,-0.058524,-0.13357,0.15624,0.079678,0.076251,-0.091097,0.099475,-0.074687,0.0049895,-0.11292,0.062145,0.10679,0.042172,-0.15803,0.037729,0.016207,-0.046167,0.11171,0.024238,0.14395,0.14567,-0.095508,-0.026795,0.15961,0.063532,0.087623,0.1
0.073919,0.090611,-0.12175,0.08736,-0.042475,-0.10234,-0.034858,0.11013,-0.074911,0.049357,-0.016161,-0.00401,0.1067,-0.16077,-0.0083384,0.036308,0.23113,-0.11804,0.051749,-0.0027735,-0.030109,-0.078335,-0.015847,-0.19346,-0.0058347,0.0007865,-0.074493,0.012307,-0.070076,-0.01169,-0.044621,0.15975,0.030691,0.13243,-0.056852,0.13388,-0.10273,0.12551,0.040648,-0.1672,-0.07309,0.16195,0.11851,0.18331,-0.040884,0.13715,-0.0063529,-0.092203,-0.020446,-0.064198,0.073994,-0.071631,0.11837,-0.017863,0.022383,0.025093,0.0687,0.092449,0.085111,0.067255,0.14412,-0.028646,-0.056488,-0.14013,0.18024,-0.0093276,-0.19057,-0.033173,0.12251,-0.040693,0.24329,-0.00032014,0.095391,0.068884,0.003034,0.18403,-0.12378,0.121,-0.031569,0.12759,0.10624,0.091522,0.0072904,-0.032395,0.092195,-0.10952,-0.16251,0.049242,-0.07232,0.024985,0.079502,-0.059744,0.13334,0.18871,0.051514,-0.13608,0.097975,-0.024188,0.11408,0.1
0.085835,0.083377,-0.1206,0.07978,-0.055946,-0.098718,-0.018393,0.11719,-0.048407,0.064638,-0.053746,0.016448,0.1629,0.0028695,-0.029717,-0.017757,-0.073184,0.014162,-0.0013343,-0.092015,-0.012132,0.066203,0.064738,0.21491,0.033363,-0.022359,0.060411,-0.10301,0.095597,0.077618,0.08617,-0.18533,-0.12034,-0.18085,-0.058576,-0.098185,0.057161,-0.092814,-0.067549,0.096335,0.20792,-0.13697,0.045771,-0.045957,0.11998,-0.0031148,0.095779,0.0044754,0.15702,0.074402,-0.12018,-0.079664,-0.057239,0.13172,0.14379,-0.12735,-0.061852,0.12402,-0.031283,-0.18808,-0.017791,0.096249,0.13631,0.086811,-0.043767,-0.13737,0.042642,0.051158,0.028045,-0.14833,0.040373,-0.099469,0.070328,0.042392,0.13093,0.026277,-0.16915,0.04701,0.10046,0.0029671,0.19897,0.051404,0.11331,-0.10562,0.01321,-0.2151,-0.03189,0.010424,-0.13295,0.037481,-0.00021523,-0.095545,0.023453,0.13998,0.18159,-0.16929,-0.02334,-0.12567,0.089252,0.1
0.097476,0.074624,-0.11816,0.071421,-0.067957,-0.092685,4.0196e-05,0.11723,-0.026954,0.11395,-0.018816,-0.0086568,0.081048,-0.1567,-0.043142,0.0038329,0.13518,-0.041367,0.010417,-0.045916,-0.028592,-0.18251,-0.08425,-0.1989,-0.013412,-0.009043,-0.048569,0.015244,-0.036346,-0.10057,-0.058587,0.14743,0.071315,0.14066,0.21183,0.089011,0.046841,0.024383,0.11493,-0.10515,-0.090364,-0.014044,-0.19266,0.0049433,-0.039689,-0.15208,-0.10056,0.15903,-0.12429,0.13589,0.038047,0.060297,-0.023124,0.014636,-0.11292,0.13573,-0.090113,-0.10561,0.019555,0.011678,-0.12291,-0.083803,0.063903,0.033964,-0.13578,-0.03464,0.16537,0.078077,-0.14956,0.050383,-0.21115,-0.095069,-0.051971,-0.054798,0.084548,-0.12517,0.018232,-0.066835,0.11842,-0.14202,0.09186,-0.067278,0.095423,-0.087328,-0.068439,-0.1408,0.11034,-0.074715,-0.10808,0.0055743,-0.066848,-0.086547,-0.087026,0.0085852,0.2038,-0.13502,-0.1509,-0.16003,0.019246,0.1
0.10798,0.065427,-0.11577,0.062024,-0.078817,-0.079546,0.012042,0.12194,-0.0060886,0.099991,-0.015943,0.0095656,0.072832,-0.083291,-0.0067208,0.0087707,-0.037242,-0.032259,0.028432,-0.082601,0.037512,0.096134,0.081026,0.25819,0.097468,-0.018415,0.050083,-0.14337,0.00017755,0.13067,0.092993,-0.15973,-0.077313,-0.078178,-0.18442,0.079556,-0.092608,0.097941,-0.097999,0.073748,0.035939,0.11946,0.20694,0.15071,-0.080803,0.11878,0.061215,-0.1031,-0.0059818,-0.086631,0.1242,-0.12545,0.073945,-0.067422,-0.082878,0.13376,0.13319,-0.028335,0.048636,0.1703,0.075958,-0.14045,-0.13375,-0.11534,0.13082,0.070945,-0.018862,-0.044006,-0.079655,0.12225,-0.059588,-0.0012023,-0.077759,-0.11033,-0.094242,-0.065189,0.17527,-0.11152,0.038894,-0.15,-0.095313,-0.10777,-0.044794,0.0067067,-0.080046,0.011592,0.16605,-0.11789,0.0037501,-0.027038,-0.063527,-0.025871,-0.12211,-0.11277,0.13466,-0.043156,-0.21933,-0.14323,-0.079681,0.1
0.11751,0.055432,-0.11307,0.052906,-0.087667,-0.069942,0.029224,0.10779,0.013974,0.13098,0.0039828,-0.0056169,0.0056581,-0.13145,-0.00039938,-0.029481,0.05908,0.038573,-0.02613,-0.018893,-0.038001,-0.1943,-0.094595,-0.19733,-0.061597,0.026038,-0.11207,0.0022674,0.011018,-0.13883,-0.011571,0.0089553,-0.012029,0.012645,0.22702,-0.15056,0.1544,-0.10639,0.030155,0.051553,0.13363,-0.14807,-0.089682,-0.097233,0.085228,-0.048455,0.082397,0.038157,0.18332,-0.017755,-0.081396,-0.097995,-0.093469,0.074978,0.14692,-0.098968,0.037804,0.19714,-0.013538,-0.073619,0.095686,0.044727,-0.048513,-0.065159,0.17677,-0.044312,-0.12637,-0.1311,0.071049,-0.01718,0.21962,0.023463,0.025234,-0.0084482,-0.15804,0.07941,0.050736,-0.01342,-0.064869,-0.027002,-0.1866,-0.034579,-0.17159,0.053564,-0.0023892,0.12301,0.13161,-0.10904,0.14144,-0.051951,-0.0042751,0.033876,-0.095622,-0.18737,0.0033169,0.079384,-0.20573,-0.053065,-0.16377,0.1
0.12571,0.044171,-0.11007,0.042608,-0.094007,-0.055125,0.041889,0.1071,0.025517,0.11672,0.0052891,-0.0039881,-0.010614,-0.09292,0.013015,0.030847,-0.076537,-0.030265,0.019562,-0.074604,0.079146,0.068066,0.091776,0.20866,0.10898,-0.037933,0.084301,-0.10733,-0.0081213,0.14561,0.031888,0.052703,0.057253,0.048106,-0.061888,0.26713,-0.093655,0.18481,0.010999,0.014643,-0.18593,0.1027,-0.077879,0.0063001,-0.10836,-0.13834,-0.086737,0.14969,-0.15722,0.094272,0.028598,0.057488,-0.082196,0.054986,-0.075151,0.02196,-0.111,0.025523,-0.066676,-0.13844,-0.1468,0.064276,0.072637,0.17255,-0.067965,-0.13685,0.061788,-0.0099662,0.062321,-0.18502,0.13112,-0.051252,0.09782,0.098535,-0.011305,0.1108,-0.18564,0.083829,-0.053718,0.11902,-0.026748,0.074545,-0.15319,0.023605,0.09086,0.13503,0.0058823,-0.0021823,0.19539,-0.0085957,0.080696,0.050054,-0.026386,-0.16063,-0.099449,0.1702,-0.095495,0.053477,-0.1805,0.1
0.13324,0.032928,-0.10664,0.032774,-0.099057,-0.04158,0.053019,0.086399,0.04354,0.11495,0.042744,0.0017951,-0.068875,-0.092274,0.0043774,-0.033756,0.031347,0.05686,-0.045051,0.028349,-0.032172,-0.12508,-0.15091,-0.12194,-0.01513,0.049058,-0.12247,-0.01366,0.0086071,-0.16943,0.027612,-0.2449,-0.052394,-0.0058091,0.059023,-0.24424,0.041211,-0.034505,-0.084811,0.14253,0.13176,0.037847,0.16902,0.054743,-0.048239,0.11987,0.089408,-0.087544,0.011985,-0.13367,0.12891,-0.040035,0.051643,-0.097281,-0.11449,0.16378,0.088858,-0.1094,0.011781,0.12647,-0.09522,-0.066984,-0.077717,0.072668,-0.11712,0.022646,0.16045,0.074646,-0.10646,-0.12564,-0.17871,-0.076093,0.016374,0.059542,0.11193,-0.068042,-0.17916,0.042555,0.048121,0.13903,0.1648,0.15157,0.024396,-0.047527,0.091369,0.036419,-0.091075,0.093045,0.13023,0.065922,0.09353,0.014992,0.057736,-0.055869,-0.14434,0.20135,0.054707,0.15508,-0.13022,0.1
0.13897,0.020469,-0.10265,0.023219,-0.10051,-0.028822,0.065014,0.073052,0.059492,0.099955,0.022503,-0.0088961,-0.11371,-0.092031,0.054204,0.04153,-0.13515,0.0060321,0.015663,-0.058548,0.079776,0.046264,0.18765,0.084449,-0.0039037,-0.025874,0.048266,-0.055287,-0.068809,0.18422,-0.026226,0.25404,0.069722,0.055663,0.095736,0.18386,0.082143,0.0050977,0.060375,0.022522,-0.077246,-0.1049,-0.14967,-0.14977,0.038894,-0.076354,0.07529,0.0095366,0.18819,-0.1062,-0.074273,-0.068261,-0.10676,0.04939,0.12006,-0.083977,0.13614,0.10409,-0.025403,0.089041,0.11122,0.0086839,-0.18902,-0.11326,0.12604,0.14225,0.0090912,-0.076612,-0.086313,0.056537,-0.16058,0.022815,-0.1276,-0.042507,0.016794,-0.20121,0.058528,-0.084182,0.11682,-0.0108,0.14984,0.08194,0.1641,-0.069461,-0.024349,-0.054184,-0.077691,0.15129,0.0060643,0.12356,0.035556,-0.033831,0.086441,0.045536,-0.10821,0.14495,0.17233,0.20569,-0.01807,0.1
0.14429,0.0078117,-0.098672,0.013223,-0.10267,-0.013952,0.069884,0.05055,0.054653,0.069828,0.043896,0.00074018,-0.095457,-0.041718,0.0060121,-0.041501,-0.0001186,0.091195,-0.099,0.089652,0.02722,-0.064987,-0.23199,-0.0072569,0.070742,0.061663,-0.055368,0.005309,0.068849,-0.15311,0.029411,-0.31943,0.030101,0.019035,-0.11001,-0.066065,-0.13949,0.11137,-0.068425,0.063842,-0.084783,0.13554,0.029284,-0.005687,-0.08561,-0.080767,-0.14747,0.086413,-0.17249,0.10204,-0.0044442,0.1134,-0.085766,0.034295,-0.026781,-0.08935,-0.085124,0.096432,-0.10296,-0.13534,-0.030173,0.10948,0.038604,0.077283,0.13489,0.017292,-0.10747,-0.15199,0.10437,0.02462,0.13622,0.11246,-0.10653,-0.04478,-0.088883,-0.090553,0.18029,-0.1448,0.019407,-0.16435,-0.068682,-0.053235,0.14775,-0.056079,-0.1686,-0.051474,0.0046997,0.11566,-0.1021,0.12872,-0.061782,-0.073869,0.048135,0.10342,-0.023313,0.025685,0.2257,0.17574,0.10588,0.1
0.14793,-0.0053173,-0.094043,0.0042031,-0.099915,0.0049106,0.079597,0.036962,0.072197,0.068343,0.055157,-0.0050759,-0.16535,-0.040534,0.066234,0.044156,-0.15598,-0.010701,0.037668,-0.023947,0.031201,0.049658,0.241,-0.016515,-0.092411,-0.014575,-0.00411,-0.0080669,-0.11359,0.089235,0.0036318,0.25072,0.043538,0.0015844,0.17097,-0.1276,0.17253,-0.065742,-0.022547,0.061018,0.070626,-0.050296,0.085989,0.019435,-0.049179,0.15426,0.13496,-0.094006,-0.021455,-0.12846,0.10602,-0.0095112,0.037691,-0.13208,-0.14053,0.10516,-0.03559,-0.13309,-0.0017049,-0.014091,-0.14023,0.020721,0.08898,0.19808,-0.13232,-0.068662,0.050957,0.049207,0.1464,-0.1068,0.15978,0.06717,0.072943,0.089412,-0.063701,0.089154,0.046958,-0.036478,-0.13426,-0.096671,-0.2314,-0.10284,-0.028404,0.0099014,-0.13694,0.034054,0.089195,0.016732,-0.14323,0.043592,-0.1433,-0.044741,-0.057956,0.095564,0.039688,-0.10889,0.19561,0.071448,0.19999,0.1
0.15038,-0.018965,-0.08897,-0.0051897,-0.09701,0.016641,0.08405,0.024007,0.064125,0.031248,0.026841,0.0038974,-0.12993,0.016662,0.0079208,-0.037795,-0.04018,0.11902,-0.095758,0.13293,0.068734,0.0035755,-0.25433,0.021886,0.055963,0.069577,-0.0016516,0.029463,0.080769,-0.053561,-0.085845,-0.14034,0.022254,0.043607,-0.18931,0.21626,-0.12215,0.011956,0.026847,-0.0047718,-0.14768,-0.054188,-0.14214,-0.15771,0.081864,-0.079254,-0.0032837,-0.045074,0.16919,-0.11036,-0.12636,-0.0086432,0.018864,-0.0096468,0.15581,-0.046377,0.15192,-0.056646,0.01792,0.17928,0.082089,-0.016724,-0.10962,-0.059998,-0.14924,0.053273,0.11695,0.12985,-0.038003,-0.055405,-0.13253,-0.0055553,0.12647,0.13184,0.067616,0.10046,-0.13203,0.10353,-0.14687,0.10132,-0.15654,-0.034785,-0.13934,0.10429,-0.034765,0.089578,0.081967,-0.058639,-0.083258,-0.061559,-0.14616,0.044925,-0.10975,0.042701,0.060324,-0.17282,0.081086,-0.066293,0.23467,0.1
0.15177,-0.032905,-0.084314,-0.01293,-0.091264,0.032305,0.088295,-0.0056257,0.075445,0.022518,0.068609,-0.018214,-0.1427,0.036324,0.05315,0.026403,-0.1483,-0.012908,0.023186,-0.01407,0.0070844,0.03445,0.2556,-0.041397,-0.11077,-0.029179,-0.024049,0.10654,-0.11744,-0.028419,0.10975,0.011431,0.063412,-0.044048,0.085258,-0.30523,-0.032371,0.056166,-0.032249,0.008069,0.012033,0.15609,0.11777,0.061798,-0.088088,-0.024236,-0.14236,0.063787,-0.19931,0.08704,-0.0056937,0.14268,-0.073936,0.050912,0.0071423,-0.20023,-0.044337,0.10691,-0.072029,-0.065814,0.092968,0.10544,-0.053767,-0.12525,0.075588,0.15648,-0.084513,-0.038655,-0.098898,0.11503,-0.20441,0.010012,-0.061842,-0.036507,0.13934,-0.051996,-0.097929,0.13675,0.0021684,0.20527,0.079083,0.041437,-0.071167,0.14961,0.094738,0.10274,-0.022582,-0.058369,0.026704,-0.15348,-0.061844,0.10313,-0.066492,-0.0203,0.024545,-0.17729,-0.048328,-0.18313,0.16266,0.1
0.15162,-0.046169,-0.079071,-0.020307,-0.085497,0.046376,0.084453,-0.0085569,0.052203,-0.010682,0.013218,0.018012,-0.15127,0.049398,0.019885,-0.025358,-0.060635,0.10381,-0.091726,0.14005,0.055532,0.065735,-0.25151,0.0052867,0.019071,0.066138,0.080662,0.0092499,0.10117,0.0525,-0.2019,0.099314,-0.0023945,0.058993,-0.10435,0.20127,0.13048,-0.134,-0.00020907,-0.018698,0.020942,-0.13335,-0.0025313,-0.011812,0.051795,0.141,0.13979,-0.13376,0.022249,-0.059613,0.088905,0.022402,0.055533,-0.087739,-0.15713,0.067161,-0.15661,-0.08053,-0.010306,-0.143,-0.092167,0.075508,0.151,0.094996,0.075374,-0.018656,-0.13389,-0.098295,0.10684,0.14263,0.066789,0.074014,-0.15459,-0.14564,0.014731,-0.10781,0.093614,0.0083758,0.09916,0.083006,0.22065,0.050608,0.06937,0.084423,0.12922,0.03763,-0.16682,-0.021035,0.079758,-0.15371,0.058634,0.1158,0.031151,-0.049004,-0.03639,-0.1073,-0.14997,-0.22547,0.0369,0.1
0.15065,-0.060034,-0.072982,-0.027058,-0.074999,0.057328,0.082212,-0.036136,0.06894,-0.0054091,0.056019,-0.012226,-0.073793,0.092874,0.036628,0.016178,-0.030633,-0.017165,0.034154,-0.0028614,-0.0032656,0.031344,0.24794,-0.046074,-0.087556,-0.035182,-0.092846,0.18653,-0.12088,-0.12609,0.18182,-0.11019,0.067773,-0.060843,-0.062318,-0.096414,-0.23939,0.066893,0.053382,-0.098896,-0.091238,0.026932,-0.098299,-0.068955,0.081026,-0.085551,-0.090387,0.017596,0.13338,-0.046561,-0.13457,-0.019699,0.094165,-0.075356,0.17018,0.034495,0.13615,-0.12854,0.08656,0.13303,-0.027256,-0.070417,0.072586,0.095208,-0.18157,-0.11626,0.048387,0.095693,0.12469,-0.0071372,0.1949,0.076503,0.030674,-0.013032,-0.092962,0.023147,0.20856,-0.11864,0.011257,-0.12492,0.12136,-0.0092919,0.15298,-0.047536,0.070301,-0.080154,-0.17172,0.014226,0.036401,-0.0796,0.13635,0.082743,0.12593,-0.012889,-0.073146,0.00064383,-0.17456,-0.18669,-0.11998,0.1
0.14815,-0.073465,-0.067112,-0.032553,-0.065629,0.068914,0.07715,-0.035974,0.044683,-0.039602,-0.0017165,0.017719,-0.10058,0.09971,-0.0011902,0.0051207,-0.080206,0.061421,-0.077003,0.086594,0.010836,0.095414,-0.21245,0.00868,-0.019578,0.062535,0.16173,-0.004928,0.105,0.11632,-0.17196,0.21008,-0.10068,-0.0079822,0.012058,-0.063717,0.16683,-0.077441,-0.021325,-0.063126,0.13182,0.09303,0.13747,0.13315,-0.063279,0.024152,-0.096607,0.032656,-0.20927,0.10953,-0.029374,0.077671,-0.047044,0.099205,0.039506,-0.16634,-0.0049785,0.058945,-0.0033119,0.10328,0.17068,-0.036565,-0.045527,-0.16849,-0.094764,0.059328,0.095246,0.16194,-0.055681,-0.055824,-0.025294,-0.036414,0.1799,0.12916,-0.019193,0.17735,0.064177,-0.056121,-0.11427,-0.16063,-0.10356,-0.059993,0.096079,-0.14891,-0.042119,-0.16969,-0.05618,0.0079425,-0.054248,0.027151,0.1551,0.0026363,0.15097,0.025239,-0.054677,0.093119,-0.13817,-0.074398,-0.22512,0.1
0.14449,-0.086865,-0.060642,-0.036564,-0.052848,0.078896,0.069118,-0.060499,0.049741,-0.055868,0.0045812,-0.035328,-0.040693,0.12022,0.0032108,-0.017626,0.041249,-0.043709,0.087084,0.018534,-0.014109,0.034456,0.19327,-0.062905,-0.062759,-0.023746,-0.10535,0.20504,-0.10618,-0.12585,0.069328,-0.15529,0.080032,-0.0067829,-0.14748,0.18498,-0.10634,-0.067935,0.017439,-0.025039,-0.016678,-0.19791,-0.10729,0.0018155,0.092717,0.079055,0.17278,-0.098235,0.04645,0.047529,0.099216,0.024649,0.061945,0.0092608,-0.16753,0.061221,-0.20446,-0.014064,-0.035905,-0.19237,0.025645,0.060688,0.071084,-0.11887,0.14001,0.093099,-0.12379,-0.041487,-0.10851,0.065961,-0.19673,-0.10104,0.042784,0.00055544,0.089717,0.12403,-0.15433,0.1164,-0.058026,-0.047473,-0.22045,-0.081587,-0.043881,-0.094116,-0.073476,-0.1459,0.078532,-0.01673,-0.1153,0.089585,0.08151,-0.090432,0.094236,0.068324,0.020619,0.12183,-0.048883,0.064083,-0.24427,0.1
0.13975,-0.099623,-0.054253,-0.040424,-0.041329,0.085494,0.063766,-0.061319,0.035916,-0.050742,-0.01559,0.030964,-0.011589,0.13206,-0.017286,0.018552,-0.029935,0.020016,-0.086923,0.033209,-0.036472,0.052747,-0.14772,0.023298,-0.010931,0.014317,0.14478,-0.049992,0.090504,0.069609,0.028062,0.22193,-0.13997,-0.084318,0.033853,-0.24043,-0.093095,0.062523,0.063678,-0.19922,-0.0044868,0.18861,0.0088356,0.048056,0.06574,-0.13958,-0.13681,0.041191,0.13676,-0.038502,-0.10781,-0.11526,0.12288,-0.1127,0.13484,0.12798,0.074289,-0.075544,0.12727,-0.023262,-0.10584,-0.049572,0.11364,0.098253,0.067949,-0.11168,-0.14302,-0.068624,0.025331,0.13237,-0.002602,-0.067337,-0.14434,-0.17892,0.067326,-0.058829,-0.16184,0.15446,0.11005,0.12126,-0.041374,-0.04694,-0.15808,0.05964,-0.027147,-0.054033,0.16009,-0.052723,-0.083915,0.090543,-0.033109,-0.13629,-0.018892,0.091781,0.10928,0.1102,0.032643,0.17959,-0.16863,0.1
0.13382,-0.1119,-0.047529,-0.04265,-0.027092,0.090132,0.051866,-0.080847,0.031804,-0.073104,-0.016093,-0.026144,0.00065321,0.1355,-0.024066,-0.025332,0.094262,-0.058759,0.13064,-0.013972,-0.032239,0.045785,0.13221,-0.027521,-0.0060888,-0.012129,-0.044956,0.19648,-0.055263,-0.086738,-0.1277,-0.14593,-0.02692,0.07803,-0.093135,0.25464,0.21563,-0.11617,-0.022283,0.015561,0.15015,-0.097373,0.069705,0.11561,-0.066355,0.055265,0.0039856,0.081183,-0.17384,0.14908,-0.00238,0.032787,-0.07103,0.11771,0.074961,-0.11086,0.099823,0.046097,0.054998,0.165,0.055403,-0.13182,-0.023923,-0.011343,-0.13998,-0.14257,0.077355,0.068996,0.045375,0.01169,0.22075,0.018139,-0.051856,-0.11777,-0.05724,-0.10446,0.046243,-0.0016534,0.17452,0.12649,0.19869,0.0068705,-0.14626,0.10349,0.064319,0.067927,0.14392,-0.090055,0.0078311,0.038773,-0.099457,-0.12324,-0.10529,0.029967,0.14003,0.050136,0.089071,0.22706,-0.025879,0.1
0.12726,-0.12325,-0.040558,-0.043525,-0.013915,0.092085,0.042572,-0.079939,0.0073636,-0.076272,-0.027124,-0.012425,0.056375,0.11453,-0.001069,0.0074379,0.077713,-0.041198,-0.069086,-0.035507,-0.069076,0.012563,-0.15457,-0.045098,-0.015472,-0.029673,0.10774,-0.049794,0.017468,0.060742,0.22932,0.14698,-0.053311,-0.13823,0.029525,-0.13026,-0.29711,0.068246,0.083527,-0.083189,-0.0067742,-0.058224,-0.13494,0.028729,0.086449,-0.0011366,0.15477,-0.096678,0.05279,0.026849,0.14023,-0.025422,0.02319,0.087257,-0.19202,0.021342,-0.21459,0.087064,-0.062957,-0.089616,0.07737,-0.012149,-0.068759,-0.17528,0.015756,0.055329,0.14093,0.10065,-0.07527,-0.12484,0.062479,-0.023827,0.15115,0.11193,-0.11699,0.014406,0.18581,-0.16842,0.034797,-0.038098,0.22795,0.079488,-0.01909,0.024484,0.12023,0.11579,0.026012,-0.081559,0.12735,-0.020499,-0.062576,-0.050159,-0.14917,-0.071032,0.11498,-0.020327,0.093731,0.18913,0.11774,0.1
0.11908,-0.13366,-0.033658,-0.042824,0.00021725,0.094362,0.025573,-0.080457,0.016048,-0.067675,-0.042994,0.0065351,0.06749,0.11434,-0.071442,-0.011101,0.094512,-0.057546,0.14226,-0.029195,-0.035978,-0.0078923,0.14909,0.086065,0.061818,-0.014517,-0.062335,0.071656,0.078183,-0.096086,-0.23126,-0.067524,-0.15001,0.067542,0.012673,0.073229,0.24948,0.0097447,-0.050131,-0.056708,0.053468,0.18778,0.064583,0.03682,-0.012521,-0.12274,-0.17749,0.10767,0.15683,-0.034681,-0.11592,-0.14005,0.035725,-0.1124,0.04965,0.19197,0.012822,-0.031277,0.025186,-0.13004,-0.090415,0.065256,0.077103,0.00093877,0.18375,0.072268,-0.082487,-0.079909,-0.10882,-0.060309,-0.1649,-0.098586,0.080236,0.15269,-0.037902,0.1423,0.022596,-0.13754,-0.10828,-0.18669,0.022118,0.09626,0.11182,-0.091085,0.071183,0.069735,-0.094682,0.0026403,0.18038,-0.045134,-0.0008655,0.043546,-0.12634,-0.13959,0.03118,-0.059168,0.054405,0.091852,0.21818,0.1
0.11055,-0.14341,-0.026223,-0.040807,0.013506,0.093515,0.015575,-0.08974,-0.0064563,-0.078085,-0.045128,-0.014421,0.083142,0.07054,0.0021956,0.0050119,0.14542,-0.098798,-0.031934,-0.097584,-0.095916,0.0037589,-0.18165,-0.092824,-0.03939,-0.03976,0.13824,-0.035304,-0.1133,0.1119,0.26247,0.047845,0.044148,-0.073511,0.0072199,0.0779,-0.11505,-0.079762,0.061806,0.083715,0.0622,-0.22572,0.02893,0.037576,-0.13469,0.083683,0.10032,0.086984,-0.16728,0.087313,0.043706,0.0057222,-0.096626,0.062814,0.1405,-0.0033613,0.23233,0.046658,0.078492,0.12104,-0.077932,-0.069868,-0.0054356,0.16717,0.022815,-0.10925,-0.077039,-0.16116,0.014741,0.053198,-0.076737,-0.069579,-0.15327,-0.050214,0.058478,0.019608,-0.20392,0.028876,-0.078479,-0.13877,-0.19078,0.032146,0.095417,-0.16615,-0.046777,0.0091866,-0.11104,0.10494,0.14201,-0.011538,0.043396,0.099968,-0.030266,-0.15405,-0.06287,-0.049434,0.010675,-0.040833,0.23294,0.1
0.1007,-0.15176,-0.018574,-0.037862,0.027042,0.088558,0.0010052,-0.08367,-0.0098773,-0.066031,-0.031976,-0.0002897,0.096096,0.074403,-0.060643,-0.012539,0.081873,-0.03279,0.10355,-0.0097934,-0.028623,-0.048379,0.13204,0.10318,0.14995,-0.054397,-0.15746,-0.074499,0.1896,-0.081908,-0.181,0.0097564,-0.20622,0.033661,0.10831,-0.094906,0.0079069,0.15207,-0.033852,-0.038045,-0.047909,0.14019,-0.14685,0.031439,0.1168,-0.089328,0.11022,-0.1176,0.090427,-0.018961,0.1526,0.0041293,-0.0069859,0.14481,-0.1779,-0.085975,-0.11969,0.07487,-0.057685,0.088565,0.10361,-0.065436,-0.15248,-0.0041207,-0.11,-0.07298,0.13301,0.016034,0.071115,-0.010383,0.14426,0.062028,-0.10955,-0.14593,0.011206,-0.18968,-0.14665,0.13596,0.082178,0.043655,-0.2105,-0.049323,0.0065874,-0.098143,-0.14152,-0.044911,-0.025728,0.14491,0.014719,0.042976,0.054144,0.099198,0.069395,-0.088492,-0.15383,-0.0098908,-0.027794,-0.16428,0.16823,0.1
0.090715,-0.15923,-0.011041,-0.033362,0.04115,0.081866,-0.011157,-0.073994,-0.022256,-0.071241,-0.044967,0.0061412,0.11032,0.01358,0.00046493,0.011629,0.16441,-0.086167,-0.0017497,-0.13477,-0.088208,-0.0074016,-0.13694,-0.063405,-0.044968,-0.022727,0.15178,-0.027776,-0.19846,0.10022,0.16926,-0.082554,0.10749,0.0070014,0.024572,0.12329,0.14328,-0.061998,-0.010144,0.10645,0.025872,0.03157,0.15058,-0.083089,-0.11895,-0.034589,-0.17648,0.12959,0.11423,-0.108,-0.12643,-0.11791,0.021752,-0.14977,-0.015849,0.12427,-0.098832,-0.0056893,-0.095156,-0.14904,-0.011661,0.10375,-0.056331,-0.088602,0.035049,0.13474,0.12515,0.10832,-0.041504,-0.11464,0.083406,0.12187,0.11029,0.028106,-0.065176,-0.16822,0.095093,0.03203,0.14777,0.22874,-0.03635,-0.05864,-0.11511,0.063956,-0.15047,-0.036504,0.092988,0.11281,-0.1253,0.084059,0.01203,0.041424,0.12695,0.031761,-0.18754,0.017593,-0.020118,-0.23204,0.023504,0.1
0.079791,-0.16506,-0.0031832,-0.027441,0.051132,0.074718,-0.025733,-0.083731,-0.024139,-0.047043,-0.014844,-0.0093024,0.078327,-0.01735,-0.049194,-0.023651,0.027265,-0.041427,0.066685,0.020432,0.01392,-0.11657,0.088623,0.04624,0.2031,-0.040751,-0.18559,-0.13097,0.25849,-0.047403,-0.073542,0.10751,-0.11597,-0.021036,0.10061,-0.034647,-0.16938,0.04105,-0.0012831,0.072371,-0.045121,-0.13641,-0.075915,0.016129,-0.071499,0.13068,0.17332,0.017903,-0.18275,0.05157,0.0083118,0.082076,-0.10475,-0.0053416,0.153,0.030196,0.24979,-0.029849,0.043622,-0.014787,-0.16175,0.049794,0.081405,0.08888,0.11663,0.067837,-0.10749,-0.042368,-0.056927,-0.063428,-0.13349,0.0060668,0.097083,0.1833,-0.012697,0.048641,0.18083,-0.1372,-0.0091779,0.14396,0.13877,-0.0029544,-0.095048,0.19043,-0.04283,0.045412,0.10286,0.03252,-0.17019,0.061729,-0.049245,-0.01117,0.10421,0.13756,-0.1291,0.020469,0.00641,-0.19597,-0.11621,0.1
0.068559,-0.17,0.004322,-0.020928,0.063925,0.065407,-0.037114,-0.069705,-0.044652,-0.044505,-0.046236,0.0076783,0.11165,-0.055163,0.0017473,0.02258,0.13115,0.010941,0.0039502,-0.12336,-0.049688,0.051951,-0.11394,0.075995,-0.11954,-0.028656,0.094187,-0.093434,-0.23404,0.071462,0.02955,-0.15387,0.063948,0.14734,0.068838,-0.053045,0.2238,0.092503,-0.06089,0.053319,-0.09624,0.16963,-0.05014,-0.11244,0.10873,-0.095232,0.012868,-0.14768,0.12113,-0.056127,0.10834,0.070622,-0.018239,0.13158,-0.14837,-0.17674,-0.031405,0.020743,-0.0079904,0.13905,0.022486,-0.043846,-0.040249,0.15523,-0.083406,-0.096326,-0.10434,-0.15675,0.091147,0.071751,-0.12039,-0.068079,-0.12148,0.10217,0.045812,0.15515,0.0029152,-0.10442,-0.21248,-0.10586,0.1421,0.053917,0.023906,0.14548,0.088309,0.12093,0.011592,-0.065095,-0.12395,-0.0049403,-0.11894,-0.052043,0.041483,0.18686,-0.018425,0.014285,0.028064,-0.10001,-0.20439,0.1
0.057007,-0.17308,0.012384,-0.01287,0.07335,0.053521,-0.046963,-0.062002,-0.042153,-0.03067,0.01192,0.0075691,0.050835,-0.081479,-0.0031025,-0.017354,-0.036963,-0.065633,0.013903,0.030853,0.036524,-0.19597,0.10252,-0.11396,0.23205,-0.0038943,-0.084082,-0.1004,0.23119,0.024251,0.041821,0.081705,0.05459,-0.12649,0.045048,0.099812,-0.12647,-0.091418,0.0012288,0.17038,0.0090892,-0.083709,0.17347,-0.1007,-0.16083,0.058991,-0.14676,0.11554,0.036392,-0.11803,-0.13471,-0.026826,0.044685,-0.16134,-0.035443,-0.014312,-0.15873,0.0073263,-0.12867,-0.017463,0.12052,0.037836,-0.11534,-0.071891,-0.11163,0.0044247,0.13305,0.01354,0.10054,0.093501,0.064236,0.049373,-0.14067,-0.13711,0.053566,0.012253,-0.14029,0.095893,-0.18337,-0.20431,0.00051762,0.077508,0.1429,0.025661,0.13969,0.10725,-0.096461,-0.11655,-0.024058,-0.090215,-0.099123,-0.03519,-0.048894,0.15914,0.097366,-0.022129,0.03469,0.042536,-0.2169,0.1
0.045415,-0.17506,0.020415,-0.0044085,0.080966,0.042338,-0.058205,-0.048705,-0.044633,-0.0083329,-0.029679,0.0071834,0.079365,-0.1322,0.0052269,0.015459,0.047015,0.066698,0.0028621,-0.050745,-0.00080853,0.11971,-0.10302,0.20786,-0.12131,-0.031045,-0.080553,-0.14194,-0.17735,-0.0033052,-0.094303,-0.087915,0.01453,0.2021,0.073822,-0.15062,0.066217,0.14941,-0.045877,-0.015126,-0.14486,-0.054522,-0.10401,-0.060726,0.040319,0.15197,0.12778,-0.042523,-0.16124,0.022914,-0.012549,0.071815,-0.039467,-0.059827,0.21819,0.072708,0.12451,-0.092048,0.015296,-0.12521,-0.044347,0.12131,0.052907,-0.093933,0.070309,0.14611,0.08824,0.171,-0.055442,-0.018768,0.098066,0.17089,0.11695,-0.13549,-0.02148,-0.10523,-0.017253,0.20682,0.069815,-0.032446,-0.15671,0.018239,0.15718,-0.08197,0.07807,0.0014456,-0.15018,-0.10337,0.062795,-0.15377,-0.012149,0.0032258,-0.087054,0.057011,0.17101,-0.0656,-0.0027974,0.15254,-0.14533,0.1
0.033838,-0.17544,0.028021,0.0048996,0.088115,0.027705,-0.07028,-0.033528,-0.057163,-0.003749,0.026201,-0.000586,0.035158,-0.11067,-0.0019461,0.00098897,-0.060171,0.00014068,-0.038707,0.03365,0.047997,-0.19747,0.11314,-0.21245,0.13013,0.039905,0.093782,-0.059074,0.10355,0.11105,0.059574,-0.018804,0.1628,-0.13043,-0.020067,0.084739,0.055435,-0.091456,-0.044113,0.16968,-0.023861,0.18093,0.047747,-0.10429,0.07278,-0.096579,-0.070423,-0.17294,0.072491,-0.039589,0.038329,0.13782,0.039664,0.15329,-0.13381,-0.17978,0.088736,-0.057681,0.086741,0.11643,-0.083001,-0.035303,0.14856,0.10315,0.017071,0.013945,-0.19983,0.01812,-0.074941,-0.033755,-0.045954,0.02181,0.19985,0.05804,-0.017404,-0.041097,0.14171,0.044429,0.19573,0.20006,-0.12616,-0.093764,0.032866,-0.097661,-0.063867,-0.14409,-0.10185,-0.030259,0.082547,-0.14122,0.095139,0.031259,-0.057234,-0.073114,0.18203,-0.079011,-0.043954,0.2058,-0.026789,0.1
0.022486,-0.17422,0.03556,0.01551,0.090917,0.01458,-0.080672,-0.023054,-0.059614,-0.0023304,-0.0015352,0.0091178,0.045213,-0.16605,0.023538,-0.0091052,-0.055648,0.061865,-0.0035396,0.021083,0.053836,0.11706,-0.07042,0.23061,-0.1163,-0.027154,-0.2343,-0.088919,-0.054472,-0.086326,-0.057058,0.042486,0.036374,0.16207,0.042991,-0.089778,-0.11477,0.0098363,0.038987,-0.039393,-0.040895,-0.2283,0.11957,-0.04526,-0.085159,0.13081,-0.10987,0.12782,0.01092,-0.067105,-0.13801,-0.056279,0.072808,-0.13712,-0.04728,-0.090985,-0.20752,0.027467,-0.093381,0.070984,0.13651,-0.10484,-0.042775,0.022222,-0.15286,-0.10933,-0.10778,-0.12368,0.072454,0.067961,-0.079787,-0.13792,-0.054121,0.1322,0.041298,0.099653,0.066022,-0.1593,0.063524,0.19288,0.052079,-0.12794,-0.12169,-0.023288,-0.11093,-0.18718,0.0079513,0.055303,0.02496,-0.034708,0.16748,0.037704,0.010588,-0.16624,0.094944,-0.044292,-0.079546,0.18542,0.098426,0.1
0.011449,-0.17176,0.043044,0.025725,0.094996,-0.00096671,-0.084247,-0.0077603,-0.058711,0.027204,0.038073,0.013577,0.0069286,-0.11289,0.010915,0.019904,-0.098044,0.024113,-0.04367,0.033068,0.062678,-0.14146,0.12639,-0.18852,0.071333,0.10781,0.21814,-0.041885,-0.0036089,0.1087,-0.055425,-0.13813,0.12309,-0.082665,-0.061231,-0.067544,0.13339,0.050803,-0.095325,0.0064312,-0.094383,0.1262,-0.15622,-0.026007,0.12847,0.11679,0.10206,-0.098506,-0.14007,0.085208,0.0028648,0.034685,0.014007,-0.066049,0.2284,0.16154,0.0046991,-0.090727,0.028436,-0.16719,0.080476,0.05377,-0.052412,-0.15543,-0.023736,-0.023858,0.1474,0.043907,0.089107,0.089885,0.059061,-0.068158,-0.19339,-0.049356,0.049514,0.13499,-0.077628,-0.11611,-0.15604,-0.06096,0.19587,-0.064453,-0.16824,0.066323,-0.039812,-0.12407,0.11247,0.071419,-0.024002,0.10822,0.13305,-0.002342,0.066825,-0.1871,-0.020996,0.025912,-0.09951,0.093714,0.18291,0.1
0.00049808,-0.1678,0.050581,0.036107,0.094293,-0.015219,-0.08969,0.005739,-0.061829,0.028387,0.0093477,-0.0027731,0.00628,-0.1681,0.049995,-0.0040451,-0.087799,0.086485,-0.025136,0.061653,0.037691,0.099519,-0.063384,0.13052,-0.15068,-0.068053,-0.27171,-0.019302,0.014658,-0.074765,0.07388,0.13294,0.085571,0.049598,-0.022875,0.07902,-0.095155,-0.17902,0.062274,0.030262,0.082436,0.02045,0.19055,-0.033853,0.025667,-0.1491,-0.141,-0.12204,0.088632,0.034273,0.035881,0.1227,0.060072,0.16645,-0.10501,-0.084421,0.11672,-0.024643,0.15095,-0.017659,-0.12293,0.0027282,0.16095,-0.063109,0.13979,0.056688,0.050424,0.15788,-0.1046,-0.028147,0.084386,0.067934,0.022284,-0.17509,-0.023314,0.0042443,-0.083065,0.10843,-0.12626,-0.24198,0.13949,0.098183,-0.060268,0.081891,0.060834,0.0040143,0.16847,0.0098677,-0.040325,0.17887,0.026251,-0.068945,0.070356,-0.12616,-0.10518,0.11125,-0.065044,-0.031798,0.20498,0.1
-0.0096435,-0.16248,0.057664,0.047111,0.093511,-0.029432,-0.08299,0.033884,-0.057697,0.037161,0.034199,0.021678,-0.018853,-0.089427,-0.027206,0.024915,-0.11954,0.041863,-0.026201,0.011907,0.10185,-0.058477,0.094781,-0.092639,0.047256,0.18779,0.237,0.014862,-0.06972,0.042793,-0.18128,-0.12664,0.050863,-0.01982,-0.082485,-0.15111,-0.009446,0.14795,0.002842,-0.13701,-0.052765,-0.21985,-0.088564,0.099,-0.0042405,0.16624,-0.037821,0.16424,0.0076313,-0.0099066,-0.090509,-0.1177,0.060313,-0.058641,-0.089844,-0.089413,-0.13031,0.082423,0.014598,0.16827,0.022621,-0.12904,0.075629,0.082921,0.010271,-0.050614,-0.19617,-0.0044711,-0.13562,-0.080862,-0.03016,-0.011996,0.1944,-0.022052,-0.088908,-0.099006,0.0088499,0.16988,0.12267,-0.14309,-0.05719,0.14445,0.094952,-0.011913,0.15451,0.12385,0.093949,-0.077867,-0.023201,0.14321,-0.076368,-0.11332,0.027323,-0.006269,-0.12289,0.15885,0.0095788,-0.15367,0.14628,0.1
-0.019413,-0.15566,0.064768,0.057564,0.088418,-0.043493,-0.087235,0.038608,-0.044919,0.049573,0.01796,-0.018799,-0.015014,-0.089864,0.060472,-0.023966,-0.11812,0.044762,-0.086255,0.11876,0.014912,0.049623,-0.023515,0.018244,-0.16873,-0.13788,-0.18071,0.028698,0.11386,-0.037918,0.18149,0.08612,0.081219,-0.054362,-0.075118,0.11627,0.078334,-0.16536,-0.064349,-0.029997,0.045944,0.2441,-0.020767,0.01174,0.15015,-0.043696,0.070654,-0.061002,-0.12496,0.14538,0.04247,-0.039553,-0.021718,-0.06819,0.19901,0.19601,-0.084022,-0.014159,-0.042496,-0.088968,0.13351,-0.092134,-0.11729,-0.043897,-0.092364,-0.14664,-0.012553,-0.14798,0.061475,0.016381,-0.053242,-0.14584,0.032677,0.14334,-0.029489,-0.020483,0.052485,-0.0094746,0.24742,0.086929,-0.16299,0.016858,0.13106,-0.12364,0.1049,0.13363,-0.031103,-0.096384,0.059697,0.048604,-0.14036,-0.093298,-0.065519,0.097064,-0.088009,0.13301,0.1108,-0.1997,0.029276,0.1
-0.028802,-0.1477,0.071234,0.06843,0.085018,-0.053964,-0.07545,0.051304,-0.04785,0.039217,0.034637,0.030462,-0.030354,-0.07152,-0.021455,0.057355,-0.061563,0.040982,0.033899,-0.0298,0.043907,0.039769,0.052053,-0.0082437,0.061583,0.25024,0.13184,0.079346,-0.17063,-0.023351,-0.24405,-0.025914,-0.020999,0.029426,-0.034254,-0.085278,-0.19453,-0.0093361,0.17332,-0.022313,0.11206,-0.16473,0.12225,0.05877,-0.070859,-0.13722,-0.097719,-0.068463,0.11688,0.017892,0.057525,0.065419,0.015275,0.20258,-0.078398,0.066154,0.13613,-0.021582,0.11275,-0.14265,-0.093538,0.052515,-0.013278,-0.1364,0.080182,-0.019117,0.20545,-0.005543,0.077051,0.039732,0.072194,-0.10276,-0.17869,0.075761,0.036673,0.074636,-0.040989,-0.21482,0.060215,0.17636,-0.085829,-0.10968,0.0037633,-0.14546,-0.063511,0.038758,-0.10654,-0.020151,0.1286,-0.05872,-0.11274,-0.0068955,-0.13022,0.12828,-0.039517,0.043904,0.16937,-0.17808,-0.11015,0.1
-0.036574,-0.13911,0.077911,0.078557,0.076664,-0.064359,-0.071999,0.069924,-0.038503,0.052866,-0.002721,-0.015455,-0.02816,0.005238,0.040465,-0.043703,-0.084396,0.02068,-0.096897,0.083161,0.049349,-0.0077196,0.0082496,-0.061477,-0.17592,-0.19482,-0.041737,0.038751,0.17731,-0.002793,0.18255,-0.020735,0.0038247,-0.048798,-0.1278,0.029172,0.19011,0.0634,-0.11622,-0.21566,-0.04738,-0.014153,-0.13981,0.13808,0.058071,0.11939,0.010437,0.20616,0.016674,0.00056935,-0.033561,-0.15423,0.0028507,-0.021018,-0.13915,-0.089055,-0.0052615,0.13181,0.040027,0.14818,-0.11649,-0.034425,0.086353,0.053182,0.14877,0.12563,0.063584,0.11559,-0.093451,-0.10266,0.051161,0.084745,-0.10363,-0.088892,0.012486,-0.011119,-0.11905,-0.1639,-0.18355,0.055132,0.092041,-0.063318,-0.1186,-0.066203,-0.21484,-0.042216,-0.076427,0.099644,0.12808,-0.10682,-0.037921,0.096678,-0.12934,0.089156,0.014083,-0.078388,0.17606,-0.09332,-0.18844,0.1
-0.044069,-0.12863,0.083699,0.088118,0.067488,-0.072056,-0.061526,0.079166,-0.034978,0.053384,0.023058,0.011539,-0.041103,-0.025353,-0.032816,0.044109,-0.0084218,0.027022,0.067051,-0.025759,-0.052322,0.073041,-0.025453,0.073045,0.08829,0.26593,0.014177,0.14612,-0.18786,-0.049985,-0.10961,0.069777,-0.021142,-0.06213,0.041064,0.041394,-0.1825,-0.18925,0.063291,0.057992,0.14653,0.14353,-0.013128,0.0090212,0.084433,-0.17526,0.10581,-0.070972,-0.10544,0.11282,0.053138,-0.11609,-0.057997,-0.092197,0.13389,0.13831,-0.13188,0.056303,-0.11863,0.059634,0.10323,-0.084299,-0.073385,0.16339,-0.042118,0.0036297,-0.15875,-0.05165,-0.089297,-0.14646,-0.048814,0.10806,0.11774,-0.083893,-0.045528,-0.15903,-0.0047752,0.09217,-0.17427,-0.11235,0.1236,0.079196,-0.10195,0.087858,-0.16359,-0.055412,0.01927,0.17019,0.022297,-0.067789,0.048566,0.16493,-0.045889,0.013294,0.044386,-0.19852,0.10292,0.016042,-0.18296,0.1
-0.050746,-0.11835,0.089579,0.096982,0.056982,-0.078908,-0.04523,0.085956,-0.016148,0.051502,0.017371,-0.011126,-0.068159,0.060479,0.026972,-0.032741,-0.037066,-0.050137,-0.088462,0.026384,0.10443,-0.010748,0.043709,-0.1092,-0.14591,-0.25503,0.12136,-0.00060417,0.14647,-0.024624,0.020325,-0.059063,-0.10087,0.074313,-0.12846,-0.030567,0.094045,0.15079,0.11591,-0.1148,0.048657,-0.18274,0.06506,0.11292,-0.16109,-0.073009,-0.083646,-0.018044,0.14311,-0.013035,0.12595,0.096753,-0.034838,0.16912,-0.0072647,0.15977,0.12247,-0.034214,0.002703,-0.16393,0.025713,0.049259,-0.17481,-0.01604,-0.09174,-0.11534,0.04902,-0.16204,0.094854,0.020824,-0.074322,-0.027659,0.1033,0.10333,-0.049177,-0.11535,0.11837,0.19846,0.017323,-0.11486,-0.040435,0.13625,0.034664,0.17995,0.0093009,-0.0021112,0.075339,0.14393,-0.122,-0.016994,0.07593,0.15783,0.070157,-0.054932,0.035563,-0.23985,-0.023022,0.13744,-0.12697,0.1
-0.056377,-0.10632,0.095181,0.10443,0.044562,-0.084743,-0.038458,0.089993,-0.001146,0.052367,-0.024152,-0.0049,-0.033666,0.042173,-0.0016497,0.023996,0.01572,0.097398,0.063798,-0.00735,-0.17266,0.035463,-0.072344,0.0965,0.10293,0.25867,-0.1145,0.16443,-0.088787,-0.0087494,0.094141,0.073001,0.00062407,-0.17584,0.042392,0.063427,0.00039758,-0.076352,-0.15452,-0.084603,0.002219,0.13091,-0.13022,0.079508,0.071622,0.083714,0.069923,0.21784,-0.025561,-0.068993,-0.053143,-0.1409,-0.042873,0.010776,-0.19274,-0.11489,0.11075,0.060843,0.074653,0.038622,-0.15365,0.11363,0.0035532,-0.046742,0.056881,0.052208,0.21372,-0.038877,0.1381,0.069748,-0.0041484,-0.056542,-0.119,0.15822,0.027941,0.045311,0.038346,0.038415,0.13069,0.026859,-0.15607,0.049611,0.14745,0.12987,0.16705,0.078971,0.056607,0.0069997,-0.16644,0.040688,0.042808,0.064748,0.14787,-0.052212,-0.014605,-0.1981,-0.16332,0.19428,-0.017269,0.1
-0.060601,-0.093964,0.10013,0.11151,0.033021,-0.09024,-0.022785,0.089166,0.0066692,0.045688,0.018509,-0.0022288,-0.037536,0.081594,-0.0043202,-0.021153,0.014582,-0.14485,-0.060681,-0.01473,0.159,0.02918,0.030298,-0.093394,-0.10321,-0.24588,0.15752,-0.011565,0.013418,-0.042534,-0.10722,-0.064654,-0.14547,0.12387,-0.0049216,0.01436,-0.11864,-0.017671,0.16815,0.12296,0.12719,0.027142,0.011507,-0.0079594,-0.013108,-0.2241,0.10403,-0.093701,-0.054162,0.040022,0.031945,-0.094443,-0.066741,-0.17361,0.080355,0.0081046,-0.12771,0.12311,-0.10491,0.18665,-0.049624,0.020149,0.05475,0.13595,0.093397,0.15933,0.004362,0.14108,-0.04806,-0.057208,0.044982,0.12031,-0.14519,-0.017417,0.094187,0.11269,-0.050944,-0.1778,0.018386,0.14464,-0.10425,-0.098517,0.11103,-0.017818,0.14702,0.11508,-0.036173,-0.12913,-0.13718,0.041244,-0.030672,-0.058637,0.16083,0.0069534,-0.043435,-0.049542,-0.24607,0.17032,0.086932,0.1
-0.064538,-0.081056,0.10487,0.11725,0.019147,-0.087848,-0.00024838,0.087441,0.018052,0.0412,-0.008286,-0.0045168,-0.056294,0.088078,-0.0055884,-0.00122,0.04036,0.12337,0.06659,0.0044298,-0.24261,-0.016845,-0.023601,0.077742,0.091881,0.18981,-0.080535,0.10506,0.054405,-0.00016882,0.17147,0.094572,-0.0033744,-0.10744,-0.027723,0.015714,0.17962,0.16791,-0.033418,-0.13134,-0.059849,-0.11955,0.033801,0.027109,-0.16187,0.0046255,-0.062147,-0.0093553,0.14945,-0.010961,0.13966,0.13161,-0.057182,0.12255,0.071544,0.13351,0.063709,-0.055827,-0.15568,-0.099664,0.11905,-0.013885,-0.11525,0.13606,-0.092233,0.0196,-0.15487,0.011457,-0.056388,-0.075048,-0.045381,0.19673,0.075043,-0.14756,0.058282,-0.0087665,-0.026793,-0.10529,-0.15767,0.12205,0.069925,-0.15145,-0.0092611,-0.12062,-0.016329,0.028561,-0.12022,-0.17861,-0.011185,-0.017209,-0.096086,-0.13882,0.083333,0.090653,-0.02656,0.12728,-0.24052,0.095966,0.15186,0.1
-0.06709,-0.067683,0.1098,0.12098,0.0052175,-0.086873,0.0077544,0.090334,0.047728,0.029534,-0.013003,0.010345,-0.048439,0.088285,0.00099571,-0.0011729,0.045106,-0.20469,-0.040475,-0.053471,0.19063,0.071666,-0.064628,-0.038573,-0.028555,-0.17106,0.051419,0.04706,-0.078554,-0.0046038,-0.12176,-0.047447,-0.12882,0.0052553,0.11801,0.029406,-0.17974,-0.16231,-0.09547,0.078725,0.04878,0.16913,-0.1292,0.030216,0.035024,0.094508,0.077756,0.16939,-0.039305,-0.14991,-0.1058,-0.045372,-0.020525,0.026012,-0.16551,-0.10741,0.15064,-0.077758,0.05338,-0.12806,-0.047037,0.12686,-0.098602,-0.060622,-0.10461,-0.062816,0.0041865,-0.15109,0.12082,0.083291,-0.0865,0.033223,0.17308,-0.035931,-0.040835,-0.091696,0.06279,0.141,-0.16008,-0.019667,0.13341,-0.067291,-0.091393,-0.050926,-0.14833,-0.10664,-0.13055,-0.10555,0.08106,-0.085476,-0.052372,-0.1404,-0.027059,0.10913,0.030044,0.26678,-0.12076,-0.0014106,0.16047,0.1
-0.068477,-0.053527,0.11347,0.12414,-0.0089328,-0.083456,0.025424,0.077608,0.051065,0.024421,0.00669,-0.028144,-0.033369,0.096699,-0.00012493,-0.01092,0.062858,0.17148,0.077568,0.027322,-0.28829,-0.04431,0.064706,0.014506,0.052148,0.031368,0.056041,0.0053997,0.099154,-0.023629,0.14345,0.02988,-0.029436,0.12852,-0.069741,0.001381,0.10773,0.20327,0.20519,0.086357,0.014341,-0.080436,0.094221,-0.062449,-0.018103,-0.16271,0.088055,-0.14263,-0.10391,0.027354,0.0070536,-0.078412,-0.047785,-0.23369,0.022513,-0.11168,-0.074352,0.05447,0.011019,0.17816,-0.10094,0.14347,0.085512,-0.04872,0.025483,0.090203,0.10241,0.0014311,0.14041,0.14681,0.0070276,-0.11314,-0.0088791,0.14468,0.0071296,0.020095,0.12505,0.23017,0.019358,-0.095362,0.034417,0.061984,-0.063406,0.093657,-0.086398,-0.17706,-0.0261,0.039292,0.092737,-0.12216,0.054798,-0.062441,-0.10496,0.043632,0.10448,0.28604,0.047784,-0.10085,0.098181,0.1
-0.069023,-0.040187,0.11765,0.12575,-0.023247,-0.083361,0.04281,0.070912,0.060932,0.022709,-0.024876,-0.0062975,-0.055123,0.10783,-0.026293,-0.0073389,0.058711,-0.25339,-0.022037,-0.084183,0.19989,0.038069,-0.13021,0.020634,0.044397,-0.013495,-0.10277,0.068276,-0.081272,0.018229,-0.055923,-0.00051801,-0.03895,-0.21724,0.13391,0.003622,0.019307,-0.056431,-0.21371,-0.061686,-0.13211,-0.0076468,-0.046681,-0.026788,-0.18654,0.057227,-0.051847,-0.037266,0.15261,-0.044564,0.12092,0.16139,-0.024723,0.078138,0.13345,0.060539,-0.046398,-0.0262,-0.18477,0.079446,0.084304,-0.0078311,0.087193,0.1081,0.021005,0.12417,-0.059076,0.17278,-0.031799,0.04095,0.083196,-0.017442,-0.1569,0.056924,0.080437,0.18607,0.049975,0.041462,0.17574,-0.067716,-0.065703,0.075544,0.029337,0.14657,0.097564,-0.1345,0.1233,0.093367,0.025553,-0.064267,0.14595,0.0189,-0.12459,-0.060449,0.14309,0.1932,0.18913,-0.14373,0.01548,0.1
-0.068589,-0.025928,0.12108,0.12528,-0.038682,-0.073977,0.05749,0.058935,0.080733,0.012857,-0.00052072,0.0039431,-0.024657,0.071431,0.046275,-0.007033,0.0557,0.22399,0.038303,0.019045,-0.25837,-0.024356,0.081239,-0.029156,0.0081404,-0.097105,0.15104,-0.072731,0.045265,-0.02321,0.041697,0.017933,-0.095244,0.25628,0.0022439,0.046225,-0.10751,-0.012003,0.086169,0.14944,0.10171,0.12407,-0.055802,-0.026273,0.086876,0.13341,0.033012,0.15675,-0.039339,-0.14288,-0.11449,0.054574,0.039408,0.051385,-0.10548,-0.069301,0.10321,-0.14404,-0.019321,-0.18407,0.10522,-0.035148,-0.073625,0.013022,-0.10804,-0.025195,-0.16826,0.060543,-0.10655,-0.019855,0.0092736,0.1421,0.010785,-0.16543,0.047439,0.15817,-0.065325,-0.1747,0.088427,0.012701,-0.048981,-0.032925,0.069109,-0.006991,0.20168,-0.0032968,0.14481,0.057146,-0.063057,0.070856,0.14344,0.075227,-0.05751,-0.15956,0.11132,0.017483,0.25621,-0.14454,-0.053412,0.1
-0.067215,-0.011742,0.12412,0.12342,-0.05056,-0.064346,0.069351,0.041715,0.08711,-0.016207,-0.0070218,-0.024281,-0.030105,0.10747,-0.083176,-0.0031831,0.030408,-0.29962,-0.010942,-0.025971,0.15551,0.016573,-0.12024,0.042638,0.065598,0.09407,-0.16489,0.071276,0.019514,0.050735,0.040882,-0.0015541,0.070192,-0.12142,0.03441,-0.047935,0.17041,0.18372,0.062706,0.0045213,-0.11294,-0.09425,0.1099,-0.091966,0.00010228,-0.14289,0.060515,-0.19076,-0.11861,0.012476,-0.085261,-0.066838,-0.020402,-0.18487,-0.049147,-0.15483,0.018912,-0.023875,0.13255,-0.013617,-0.084999,0.090723,-0.0032497,-0.17972,-0.071405,-0.13137,-0.043445,-0.072237,0.047587,0.050622,-0.064528,0.0083218,0.1952,-0.17991,-0.038772,-0.025394,-0.066214,-0.10389,-0.031017,0.047958,0.073592,-0.12081,-0.0029037,-0.20799,0.12071,0.091806,0.056507,-0.060736,-0.052587,0.19112,0.051373,0.052688,0.021967,-0.18986,-0.004141,-0.15224,0.20284,-0.075482,-0.1066,0.1
-0.064945,0.0022437,0.12714,0.11972,-0.061638,-0.057765,0.083168,0.020972,0.084802,-0.0027089,-0.0068361,0.016393,-0.007999,0.06765,0.091455,0.0011266,0.081947,0.27341,0.054449,-0.018969,-0.12842,-0.044848,0.066766,-0.021654,-0.0013103,-0.17622,0.10776,-0.11112,-0.07962,-0.033047,-0.082881,0.011683,-0.088245,-0.0071748,0.078413,0.042315,-0.13039,-0.13818,-0.24152,0.0042158,-0.074397,0.02998,-0.052337,-0.046539,-0.18196,0.12533,-0.0917,-0.043008,0.14095,0.030714,0.098026,0.15572,0.039189,-0.019412,0.1802,-0.019108,-0.13824,0.022184,-0.036792,0.16931,-0.027414,0.041529,0.18264,-0.062451,0.070572,-0.00091909,0.057583,-0.0076765,0.084563,0.13418,0.0032863,-0.20248,0.10279,0.0099434,-0.064614,-0.1015,0.011302,0.084206,-0.029461,-0.0059833,0.11131,-0.069063,-0.10484,-0.2233,-0.065828,0.10269,-0.040723,-0.12614,0.052659,0.19077,-0.082482,-0.036829,0.062328,-0.12209,-0.14461,-0.24625,0.078418,0.0096592,-0.105,0.1
-0.061538,0.016247,0.12941,0.11534,-0.075795,-0.047381,0.094292,0.0020944,0.098866,-0.044314,0.002754,-0.0061141,-0.025202,0.034475,-0.11186,-0.013279,-0.056742,-0.30506,-0.0087415,0.002258,-0.0045857,0.073309,-0.0392,0.040644,0.053788,0.14893,-0.04292,0.0027454,0.12428,0.031599,0.12139,-0.01997,0.081763,0.1916,0.0017146,-0.049421,0.066703,0.077712,0.23085,0.13776,0.071884,0.052876,-0.018328,-0.040889,0.20493,0.14047,-0.013648,0.10514,-0.043946,-0.11416,-0.086579,0.1314,0.1007,0.11589,-0.0070277,0.03828,0.035182,-0.096953,-0.11342,-0.044563,0.15388,-0.11552,0.10644,0.066536,0.044959,0.083771,-0.048458,0.1283,-0.076659,0.055997,0.10485,-0.17331,-0.13748,0.1264,-0.0042929,0.026642,0.042087,0.12317,0.091639,-0.098635,0.039705,0.094376,-0.10555,-0.058071,-0.16094,0.0047173,-0.05025,-0.043425,0.15075,0.069498,-0.18484,-0.071823,0.024667,0.02629,-0.23344,-0.229,-0.079693,0.075193,-0.060319,0.1
-0.057274,0.029504,0.1318,0.10855,-0.08456,-0.03205,0.10648,-0.018824,0.072901,-0.035829,-0.018717,-0.014024,0.020764,0.060638,0.11103,-0.024206,0.1617,0.27811,0.0089994,-0.035247,0.097445,-0.095794,0.0076438,-0.039255,0.035988,-0.18517,-0.057299,-0.042848,-0.13534,0.053036,-0.11806,0.033652,-0.0032912,-0.21155,0.002221,-0.0021765,0.0080966,0.038377,-0.10793,-0.042842,-0.14243,-0.093749,0.13899,-0.052289,-0.018109,-0.13366,0.05911,-0.12008,-0.14194,0.034829,-0.14421,-0.11821,-0.0028461,-0.062797,-0.09799,-0.098034,0.020924,-0.10782,0.15841,-0.17501,0.078593,-0.08916,-0.053959,-0.059158,-0.081883,-0.084581,-0.11989,0.064263,-0.18048,-0.092029,0.050027,0.0038515,-0.11196,0.0097907,0.022884,0.1122,-0.037802,-0.06573,0.16217,-0.092718,-0.04874,0.16326,-0.021897,0.094454,-0.1057,-0.056478,0.026657,0.13001,0.15236,-0.076628,-0.1574,-0.029122,-0.046203,0.19036,-0.20149,-0.10205,-0.17304,0.096244,0.0033657,0.1
-0.05253,0.042785,0.13319,0.10048,-0.093149,-0.017468,0.11035,-0.042212,0.081717,-0.049326,0.023098,0.011019,-0.0038884,-0.017788,-0.13906,0.062895,-0.16867,-0.24596,0.032897,0.051807,-0.17772,0.045311,0.010863,0.0084443,-0.057717,0.13377,0.080644,-0.13239,0.095153,-0.076475,0.063437,-0.040382,0.033139,0.20596,0.05513,0.022454,-0.047693,-0.11442,-0.1092,-0.011135,-0.030391,0.044049,-0.078172,-0.06777,-0.11157,0.16069,-0.10587,-0.097226,0.12433,0.11947,0.10228,0.046604,0.039154,-0.066532,0.096895,-0.052186,-0.11771,0.074819,0.17532,0.06428,-0.11566,0.02764,0.025522,-0.20374,-0.016137,-0.16665,0.02053,-0.095295,-0.049564,-0.090688,-0.03424,0.026923,0.10407,-0.1231,-0.03662,-0.011424,-0.12045,-0.21127,0.068491,-0.014865,-0.082736,0.085127,0.039573,0.093088,0.017484,0.013752,0.092396,0.24014,-0.00077186,-0.15676,-0.014078,0.090699,-0.091751,0.25516,-0.044014,0.056401,-0.19304,0.081463,0.051682,0.1
-0.046522,0.054559,0.13459,0.090871,-0.099546,-0.0075411,0.11356,-0.057635,0.053488,-0.064734,-0.026033,1.0467e-06,0.036175,0.017915,0.15937,-0.085641,0.19882,0.19004,-0.0096449,-0.076755,0.23404,-0.021576,0.00095082,0.025037,0.11273,-0.056079,-0.11593,0.084063,-0.037402,0.15528,-0.031721,0.034057,0.11069,-0.065528,-0.055252,-0.082777,0.058701,0.066631,0.18191,0.10475,0.072769,0.015868,0.041622,0.032646,0.22164,0.081156,-0.049762,0.11778,-0.0455,-0.070649,-0.0069606,0.15231,0.11713,0.10261,0.079199,0.12497,-0.067704,0.036768,-0.10044,0.10067,0.0063865,-0.096704,0.14452,-0.038811,0.1666,-0.063928,0.1235,-0.078637,0.044822,0.0044638,-0.02112,-0.11791,0.10713,-0.015503,-0.10425,-0.18095,-0.10135,-0.12076,-0.11212,0.059243,-0.02713,-0.019813,0.035157,-0.032059,0.047976,0.16613,0.050985,0.15876,-0.16603,-0.10545,0.10746,0.16926,-0.030731,0.15877,0.14959,0.15673,-0.10098,0.020311,0.076658,0.1
-0.04072,0.066417,0.13519,0.08021,-0.1055,0.005587,0.11369,-0.080085,0.046303,-0.055969,0.016545,0.015378,0.016579,-0.05521,-0.18883,0.10546,-0.18189,-0.11342,0.038714,0.10496,-0.20402,-0.030308,0.010698,-0.066731,-0.11935,-0.027629,0.043208,-0.21007,-0.071984,-0.12325,-0.055782,-0.023218,-0.03514,-0.076738,0.024119,0.074383,-0.021645,-0.026347,-0.1743,-0.10222,-0.11964,-0.10189,0.11418,-0.024294,0.040219,-0.12533,0.037827,-0.091901,-0.11894,0.033222,-0.1907,-0.096624,0.023482,0.099613,-0.097794,0.022731,0.075295,-0.053849,-0.012796,-0.12093,0.11802,-0.18234,0.01137,0.12403,0.089911,0.077035,0.024724,0.047631,-0.042081,-0.010496,0.087383,-0.12235,-0.11694,0.17233,-0.084404,-0.1853,-0.0010428,0.059054,-0.12679,0.042482,0.035936,-0.012215,0.0029891,-0.072836,-0.056014,0.22014,-0.091303,-0.053441,-0.193,-0.0077692,0.095697,0.16773,0.11389,-0.023402,0.24923,0.15577,0.0096983,-0.024176,0.040178,0.1
-0.034167,0.076944,0.13564,0.068386,-0.10916,0.025804,0.10525,-0.084695,0.010644,-0.065977,-0.016549,-0.023835,0.067456,-0.019328,0.17862,-0.12802,0.12553,0.06346,-0.075286,-0.098926,0.19337,0.015124,0.059262,0.074446,0.071212,0.13715,-0.0067407,0.1004,0.14997,0.096417,0.071176,-0.014107,0.12023,0.20283,0.010718,-0.086544,-0.02095,-0.11365,0.020038,-0.029014,0.062786,0.062458,-0.11017,-0.010726,-0.13571,0.1141,-0.081279,-0.066488,0.11973,0.20531,0.096985,-0.11613,-0.025751,-0.088709,0.015393,-0.057417,-0.033516,0.042328,0.24335,-0.10424,-0.065565,-0.043032,-0.12635,-0.0051547,-0.070427,-0.020331,-0.0303,0.017826,-0.15345,-0.14727,0.029441,0.059728,-0.195,0.13859,0.0188,-0.033993,0.041616,0.080758,-0.025905,-0.0072662,-0.033873,0.043392,-0.008368,0.084086,-0.1561,0.068241,-0.1971,-0.19799,-0.070919,0.026323,-0.022119,0.017643,0.22602,-0.17533,0.20761,0.076038,0.097023,-0.050609,-0.010503,0.1
-0.026924,0.086136,0.13562,0.05547,-0.10919,0.036621,0.098276,-0.10584,0.0091352,-0.071716,0.0081575,0.050547,0.0007816,-0.079536,-0.19037,0.16151,-0.13145,0.0043018,0.12468,0.10299,-0.091219,-0.037237,-0.072658,-0.042509,-0.0068695,-0.17109,-0.086226,-0.10548,-0.17145,0.013845,-0.11216,0.005544,-0.00053296,-0.22937,-0.098248,0.025391,0.038587,0.069749,0.13944,0.066812,0.016106,-0.013584,0.041194,0.048183,0.20443,0.04163,-0.057572,0.15461,-0.0051171,-0.084221,0.09461,0.09796,0.018084,0.058597,0.083609,0.11994,-0.10528,0.13113,0.059079,0.11457,-0.11017,0.065563,-0.026749,-0.093021,-0.01058,-0.11457,0.059789,-0.11445,-0.017118,-0.14049,-0.089555,0.19117,-0.028515,-0.039024,0.048665,0.052191,0.016065,-0.040817,0.0042052,0.020276,-0.078179,0.065098,0.037571,0.2451,-0.089323,-0.16,-0.13998,-0.14995,0.059609,-0.035663,-0.084281,-0.20882,0.17853,-0.22275,0.043073,-0.018898,0.12088,-0.049565,-0.038499,0.1
-0.019667,0.094967,0.13487,0.041889,-0.10869,0.05422,0.085368,-0.10955,-0.014392,-0.042604,-0.039443,-0.05564,0.10254,-0.032195,0.20921,-0.20997,0.050483,-0.039769,-0.1475,-0.071896,0.030351,0.053514,0.12328,-0.0099752,-0.085398,0.21516,0.10977,-0.053159,0.13096,-0.097288,0.02924,0.003951,0.04423,0.12333,0.077991,0.014928,-0.034618,-0.055201,-0.20352,-0.11227,-0.05441,-0.078436,0.098964,0.030551,0.02994,-0.15082,0.0753,-0.058533,-0.10391,0.0037943,-0.16014,-0.052063,0.073307,0.12951,-0.057171,0.11182,0.054543,0.0027596,-0.16102,0.06283,0.053281,-0.073624,0.046112,0.070329,0.11574,0.029453,0.15691,-0.1075,0.15238,-0.020892,-0.085995,0.068133,0.11641,-0.079148,-0.014268,-0.041535,-0.041426,-0.046402,-0.090227,0.084464,-0.068847,-0.027246,0.10665,0.19863,0.10496,-0.21558,0.020745,-0.013916,0.068952,-0.10991,0.012817,-0.32041,-0.027223,-0.13504,-0.14128,-0.087748,0.075532,-0.025552,-0.027275,0.1
-0.01216,0.10224,0.13395,0.028274,-0.10684,0.069834,0.069755,-0.11899,-0.04471,-0.064463,0.096664,0.11058,0.0029454,-0.080321,-0.22967,0.25829,-0.026686,0.098767,0.13086,0.068553,0.10017,-0.1195,-0.07895,0.048224,0.072591,-0.14557,-0.086335,0.0734,-0.033979,0.16506,0.043228,-0.054345,0.055089,0.050177,-0.074721,-0.078225,0.01201,-0.063349,0.11593,-0.028777,0.1028,0.05293,-0.14324,-0.0072848,-0.14805,0.073938,-0.054878,-0.05928,0.082819,0.18628,0.034336,-0.15948,-0.067855,-0.038258,-0.06221,-0.050349,0.064159,0.0088316,0.037376,-0.11038,0.051798,-0.10645,-0.08076,0.18264,0.026468,0.14402,0.033277,0.041982,0.088343,0.065132,0.018958,-0.038746,0.02159,0.055415,-0.035892,-0.090492,0.021213,0.075485,-0.15227,0.082816,0.01145,-0.15109,0.097745,-0.017704,0.20324,-0.12185,0.10525,0.038482,-0.023271,-0.052654,0.1633,-0.20774,-0.25544,0.015389,-0.20723,-0.086382,-0.00072509,0.0081332,-0.010098,0.1
-0.0045868,0.10871,0.13269,0.014258,-0.1016,0.083781,0.05038,-0.12024,-0.05229,-0.015583,-0.16545,-0.17002,0.073348,-0.097295,0.2161,-0.26166,-0.084225,-0.08144,-0.080958,0.0033787,-0.10517,0.11122,0.034039,-0.068722,-0.05467,0.071438,0.0059333,-0.13683,-0.041365,-0.13938,-0.13354,0.017292,0.0040888,-0.1695,-0.034824,0.054181,-0.0025809,0.061105,0.066502,0.080726,-0.046812,-0.0063709,0.055104,0.067369,0.14939,0.0057317,-0.053261,0.14434,0.052963,-0.033396,0.17333,0.012568,-0.079194,-0.038293,0.049244,0.0090067,-0.042744,0.091029,0.15189,-0.0012911,-0.10795,0.11187,-0.1702,0.049245,-0.098488,0.037505,-0.10318,0.058872,-0.051122,-0.007547,0.020152,0.072411,-0.12491,0.095169,0.028159,0.022467,0.13655,0.1696,-0.058922,0.0024265,0.080172,-0.1579,0.0041252,-0.14654,0.1036,-0.010098,0.04977,-0.03261,-0.056729,0.1375,0.19309,0.062211,-0.32234,0.13097,-0.13301,-0.035546,-0.054688,0.024396,0.0041558,0.1
0.0032705,0.11389,0.13056,-0.00059236,-0.095046,0.10076,0.022526,-0.1111,-0.10468,-0.031505,0.25036,0.27094,0.065951,-0.050962,-0.14409,0.20863,0.095013,0.10077,-0.041005,-0.05512,0.14841,-0.087868,0.052516,0.060575,-0.063985,0.064321,0.043295,0.066615,0.10138,0.031985,0.11602,-0.0028932,0.0050524,0.13385,0.018289,0.00041984,-0.01068,-0.078542,-0.15011,-0.11443,0.023757,-0.060384,0.059455,0.040008,0.040193,-0.12504,0.099275,0.024181,-0.07964,-0.11393,-0.0714,0.041206,0.051105,0.090536,-0.016391,0.12945,0.00059844,0.085782,-0.13088,0.13048,-0.077106,0.15531,-0.014252,-0.067043,-0.047438,-0.046011,-0.0062478,-0.068867,0.011269,-0.044704,-0.052152,0.17514,-0.049957,-0.041028,0.11321,0.19589,0.12232,0.12033,0.11198,-0.046898,0.051694,-0.011337,-0.071256,-0.081621,-0.029739,0.0023765,-0.025962,-0.11586,0.036353,0.27682,0.028624,0.28675,-0.15257,0.13865,0.0091575,0.024748,-0.052242,0.023794,0.024094,0.1
0.010911,0.11809,0.12812,-0.014783,-0.087374,0.11614,-0.002145,-0.10982,-0.1067,0.0065852,-0.30409,-0.33567,0.014383,-0.13806,0.063218,-0.067429,-0.15444,-0.023222,0.067362,0.11128,-0.051983,-0.021775,-0.047006,-0.030359,0.074277,-0.087407,-0.029877,0.031263,-0.08893,0.067466,-0.056036,-0.026502,0.042193,-0.011023,-0.061152,-0.076407,0.00041697,0.0011703,0.099808,-0.033277,0.091834,0.060199,-0.13115,0.011423,-0.16149,0.010692,-0.01046,-0.076121,0.048421,0.11277,-0.044078,-0.14704,-0.028676,0.0079077,-0.087183,-0.0095479,0.10524,-0.070218,-0.20948,0.015248,0.064021,-0.017015,0.065643,0.074575,0.053121,0.055821,0.095011,-0.032412,0.17054,0.076584,-0.068853,0.051626,0.16325,-0.14218,0.087046,0.15512,0.0052318,-0.036405,0.1203,-0.026081,0.0069854,0.058791,-0.055056,0.012956,-0.010483,-0.068406,0.0094493,-0.032536,0.1635,0.20012,-0.19317,0.29812,0.12207,0.084024,0.113,0.050106,-0.027117,0.0054761,0.012921,0.1
0.018606,0.1212,0.12547,-0.028675,-0.076514,0.13057,-0.040926,-0.081595,-0.14677,0.030951,0.30897,0.35874,0.074965,-0.033291,0.052631,-0.056267,0.038639,-0.003569,-0.11913,-0.094406,0.0028099,0.085819,0.039364,-0.025045,-0.11977,0.091021,-0.0031779,-0.040281,0.032465,-0.12983,-0.040344,0.025849,-0.075448,-0.13882,0.0036602,0.10012,0.018845,0.061953,0.074876,0.07573,-0.04487,0.0043568,0.013797,0.027181,0.070559,0.028642,-0.035128,0.10254,0.058352,0.02659,0.18033,-0.007745,-0.14321,-0.13054,-0.0024282,-0.09817,0.027964,-0.036291,0.069385,-0.079963,0.042523,0.0037368,-0.080746,0.14049,-0.012811,0.15344,-0.020282,0.10712,0.083978,0.18674,0.028197,-0.12611,0.15965,-0.038849,-0.033734,-0.0019409,-0.06601,-0.072748,0.02017,-0.004116,0.0021081,-0.008505,-0.0094058,-0.043325,0.08695,-0.075984,0.13211,0.14077,0.1593,-0.064957,-0.27875,0.088183,0.27473,-0.017089,0.12477,0.034852,0.013022,-0.0048321,-0.003049,0.1
0.026415,0.12345,0.12245,-0.043313,-0.064075,0.14173,-0.081199,-0.05602,-0.1603,0.061296,-0.2698,-0.31061,-0.035124,-0.079447,-0.12591,0.18023,-0.011361,0.064463,0.03298,0.040639,0.11456,-0.095716,-0.0045634,0.064508,-0.0014166,0.016754,0.07485,0.15199,0.057275,0.035703,0.091383,-0.0061714,-0.032183,0.12074,0.00065607,-0.019626,-0.044838,-0.048593,-0.14243,-0.075725,0.030781,-0.032449,0.072581,0.044027,0.033865,-0.13194,0.1064,0.065714,-0.039882,-0.21212,0.020532,0.1135,0.0064955,-0.0023335,0.061628,0.044546,-0.047347,0.055017,0.028885,0.034033,-0.10171,0.18907,-0.089775,-0.042267,-0.13189,0.0077992,-0.16861,0.11997,-0.084773,0.083313,0.081849,-0.096686,-0.046944,0.052145,-0.056318,-0.047822,-0.012792,0.0015691,-0.01799,-0.023436,0.035837,-0.049529,-0.024462,-0.17712,0.061638,0.088436,0.14568,0.21274,0.0062473,-0.26968,-0.12387,-0.1465,0.20231,-0.07951,0.034841,-4.2129e-05,0.023461,-0.010581,-0.011818,0.1
0.034304,0.12445,0.11921,-0.059022,-0.050494,0.15032,-0.12663,-0.028582,-0.15825,0.10333,0.20266,0.22171,0.039771,-0.025266,0.1825,-0.21897,-0.1003,-0.086075,0.012705,0.051607,-0.16133,0.074643,-0.052688,-0.039341,0.07703,-0.077316,-0.06987,0.017767,-0.087728,0.054725,-0.053879,-0.017616,-0.015307,-0.066212,-0.038564,-0.013238,0.037008,0.044279,0.10787,-0.035372,0.09253,0.08413,-0.15404,-0.020995,-0.21122,0.0024326,0.064004,-0.092387,0.0066053,0.022572,-0.13536,-0.067026,0.052979,0.060706,-0.061612,0.014361,0.085804,-0.05693,-0.21706,0.084583,-0.022181,0.11151,0.13272,-0.17576,-0.042822,-0.12799,-0.059277,-0.04205,-0.082639,-0.070839,-0.0014097,0.044703,-0.089423,0.0044681,0.063252,0.060694,0.036107,0.052251,0.074599,-0.065176,0.049358,0.039798,-0.08254,-0.16401,-0.096747,0.23732,0.01455,0.11293,-0.16278,-0.25201,0.10589,-0.21129,0.012244,-0.071056,-0.044469,-0.018094,0.021199,0.0013305,-0.013271,0.1
0.042576,0.12462,0.11534,-0.073551,-0.032124,0.15535,-0.16788,0.035183,-0.13187,0.089231,-0.12876,-0.14905,-0.08798,0.047068,-0.17604,0.2204,0.095259,0.10667,-0.14311,-0.12003,0.11842,0.030983,0.067273,-0.011924,-0.16052,0.11432,0.067294,0.033482,0.07576,-0.16242,0.030538,0.056291,-0.1144,-0.083863,0.038233,0.081028,-0.0011917,0.06668,0.047785,0.13423,-0.09339,0.015868,0.054442,-0.017178,0.074528,0.090977,-0.081851,0.034675,0.058234,0.053788,0.1298,-0.023196,-0.14353,-0.12996,-0.0011704,-0.1384,0.059567,-0.15505,-0.048462,-0.051517,0.13104,-0.11747,0.11274,-0.017733,0.081534,-0.013819,0.10895,-0.064948,0.070029,-0.033364,-0.028309,0.010841,0.075812,-0.099139,0.085433,0.072269,-0.036589,-0.05993,0.13312,-0.048053,-0.00059799,0.14836,-0.061506,0.039887,-0.22094,0.18476,-0.15254,-0.073394,-0.19177,-0.039611,0.21327,-0.11762,-0.14126,-0.03434,-0.072034,-0.017302,-0.00023171,0.0047112,0.00052398,0.1
0.050827,0.12397,0.11242,-0.090394,-0.011351,0.15232,-0.20641,0.073034,-0.10925,0.13763,0.081371,0.081723,-0.015021,0.020566,0.15621,-0.16897,-0.086321,-0.13322,0.215,0.11103,-0.095883,-0.071652,-0.10472,0.04224,0.13568,-0.10907,0.03088,0.15758,-0.046257,0.14475,0.048308,-0.034908,-0.029459,0.1159,0.021647,-0.042917,-0.020108,-0.011474,-0.12882,-0.078119,0.029524,-0.063912,0.032492,0.019339,0.018573,-0.1502,0.088834,0.056027,-0.031143,-0.1858,0.036987,0.17689,0.00034582,-0.064829,0.076287,-0.05853,-0.10363,0.01459,0.19926,-0.084207,0.033173,-0.071883,-0.050457,0.074161,0.01233,0.068943,-0.019545,0.093212,0.010107,0.096464,0.041572,-0.16185,0.11344,-0.044698,-0.077273,-0.094317,-0.11946,-0.18706,0.013358,0.0074957,-0.082104,0.13652,0.044393,0.22015,-0.12736,-0.034778,-0.17316,-0.17443,-0.05344,0.16092,0.13182,0.03159,-0.14554,0.024628,-0.035698,-0.0073428,-0.015713,-0.00099696,0.010811,0.1
0.058538,0.12274,0.10883,-0.10756,0.011567,0.13805,-0.22769,0.12753,-0.032361,0.087249,-0.043259,-0.06099,-0.10819,0.11279,-0.11615,0.12787,0.095938,0.077289,-0.25413,-0.14121,-0.047744,0.18284,0.078218,-0.069966,-0.0018471,0.02587,-0.096566,-0.11126,0.0074748,-0.095357,-0.025954,0.00079544,-0.0008732,-0.10747,-0.013196,0.04587,0.063504,0.041874,0.12522,0.044419,0.052228,0.094232,-0.11381,-0.060439,-0.21389,0.091499,0.056158,-0.11037,-0.042135,0.012736,-0.20971,0.043224,0.15104,0.099608,-0.029015,0.058746,-0.03098,0.033771,-0.040958,0.062123,-0.076957,0.10351,0.00022389,-0.086079,-0.064935,-0.074094,-0.12521,0.040783,-0.14677,0.011223,0.075218,-0.11178,-0.089233,0.10486,-0.16472,-0.20423,-0.091064,-0.072254,-0.15986,0.070793,-0.070858,-0.041665,0.11192,0.18419,0.087311,-0.19517,-0.030623,-0.10119,0.097371,0.17154,-0.035741,0.096182,-0.037221,0.04605,0.011064,0.0013967,-0.015221,-0.0048186,0.0069632,0.1
0.067403,0.12185,0.10728,-0.12588,0.041846,0.10663,-0.23823,0.16714,0.060536,0.067363,0.023835,0.014826,-0.052481,0.1089,0.065066,-0.10738,0.0053187,-0.062128,0.28861,0.13339,0.074708,-0.18195,-0.085603,0.11185,-0.080354,-0.020131,0.15616,0.10926,-0.0038887,-0.010522,0.061141,0.064207,-0.096452,0.045315,0.093869,0.007615,-0.045011,0.037491,-0.056493,0.13046,-0.15036,-0.057603,0.10491,-0.042021,0.18016,0.11426,-0.14898,-0.03895,0.016419,0.10891,0.078993,-0.092269,-0.037265,-0.019316,-0.0029517,-0.042981,0.060757,-0.10574,-0.099527,-0.0020748,0.050252,-0.093497,0.16847,-0.13916,0.051928,-0.14448,0.059085,-0.11898,-0.09893,-0.18328,-0.012784,0.11453,-0.18258,0.12871,-0.029192,-0.07318,0.065602,0.13136,-0.13429,0.06131,0.0011674,-0.15192,0.063424,-0.024301,0.17279,-0.13936,0.099354,0.028847,0.11591,0.042538,-0.11548,0.077368,0.061875,0.03195,0.029018,0.0031897,0.0037946,0.0021052,-0.002658,0.1
0.075556,0.12024,0.10562,-0.14687,0.077078,0.060387,-0.20918,0.19274,0.18188,-0.037112,-0.0074481,-0.010786,-0.081928,0.092732,-0.051951,0.06896,0.021054,-0.023428,-0.21333,-0.1398,-0.15318,0.15748,0.043492,-0.12327,0.24936,-0.085185,-0.14604,-0.11471,-0.01243,0.096557,-0.063117,-0.07273,0.14304,0.096306,-0.040588,-0.065013,0.00059744,-0.08284,-0.058483,-0.13343,0.046364,-0.043417,0.014115,0.0052048,0.0042556,-0.09322,0.038359,0.050643,-0.01928,-0.10551,0.0096913,0.11086,-0.00081121,-0.051832,0.074849,-0.049475,-0.12676,0.022723,0.23103,-0.077481,0.074479,-0.2488,0.0042743,0.083643,0.14466,0.03562,0.17563,-0.10753,0.091525,-0.13559,-0.11498,0.15465,-0.021159,-0.01979,0.094064,0.13209,0.13915,0.14866,0.011397,-0.0021408,0.057822,-0.086817,-0.034709,-0.14011,0.064511,0.038153,0.10002,0.088909,0.037168,-0.076158,-0.071107,0.0053424,0.062848,-0.0069772,0.023326,0.0088605,0.005342,0.0016788,0.00091659,0.1
0.08403,0.11894,0.10546,-0.1701,0.11938,-0.0095573,-0.13642,0.18301,0.27356,-0.10309,0.0029948,-0.0099014,0.006735,0.08246,0.018241,-0.083787,0.070418,0.032415,0.22862,0.1347,0.15132,-0.14898,-0.0039317,0.1154,-0.22739,0.12119,0.053854,-0.14183,-0.0013795,-0.075541,0.017121,0.028381,0.032942,-0.10921,0.031166,0.02384,0.025251,0.011605,0.09482,0.090375,-0.016883,0.047737,-0.055686,-0.023196,-0.067846,0.10556,-0.023028,-0.08175,-0.043627,0.099101,-0.20008,-0.01338,0.2024,0.18859,-0.013588,0.14697,-0.082911,0.20722,0.15059,0.013749,-0.10677,0.034174,-0.23686,0.18121,-0.021313,0.15513,0.0047691,0.04844,0.112,0.11449,-0.019404,0.014026,0.10766,-0.093137,0.081932,0.11322,0.024866,-0.010217,0.11055,-0.044418,0.033212,0.057872,-0.059524,-0.065103,-0.067563,0.094671,-0.012845,0.027947,-0.05359,-0.076018,0.021524,-0.035014,0.015846,-0.012308,-0.0022964,0.0052864,0.0054255,-0.0018829,-0.0064095,0.1
0.092021,0.11692,0.10588,-0.19461,0.16597,-0.098202,-0.033417,0.11382,0.28537,-0.19351,0.0098017,0.029421,0.033454,-0.095542,-0.0057377,0.040052,-0.061204,0.00013627,-0.1603,-0.08783,-0.098991,0.087422,0.0049927,-0.10385,0.20086,-0.13444,-0.053762,0.095771,-0.0025022,0.099052,-0.052063,0.01731,0.032486,0.13793,-0.01014,-0.0659,-0.051218,-0.04339,-0.12934,-0.024668,-0.091053,-0.10737,0.14098,-0.028215,0.27779,0.030834,-0.15386,0.010865,0.032007,0.22353,0.14317,-0.21996,-0.083769,0.031434,-0.081534,0.10539,0.16601,0.037441,-0.22022,0.07953,-0.0683,0.22909,-0.043406,-0.010384,-0.13201,0.018492,-0.12532,0.10044,-0.013328,0.12775,0.058213,-0.085041,0.064098,-0.015794,-0.027195,-0.015755,-0.073885,-0.093359,0.033408,-0.026011,-0.018222,0.058119,-0.014082,0.047589,-0.052282,0.031188,-0.043063,-0.022857,-0.040693,-0.00087053,0.043868,-0.03351,-0.018156,-0.019758,-0.0023573,-0.0038179,-0.0073525,0.002306,-0.00093677,0.1
0.099179,0.11409,0.10622,-0.21957,0.21179,-0.18598,0.11116,0.016212,0.18416,-0.14257,0.0095092,-0.011911,0.079247,0.0041384,-0.015353,-0.035929,0.067473,0.01221,0.12798,0.076792,0.10862,-0.10484,0.038085,0.051521,-0.16245,0.14894,-0.013866,-0.30206,0.0038592,-0.029805,-0.0074251,-0.03959,0.18932,-0.060563,-0.1369,-0.024011,-0.001219,-0.11161,0.093171,-0.18358,0.14783,0.075155,-0.089335,0.15562,-0.13764,-0.18704,0.15422,0.14126,0.051143,-0.19008,0.16044,0.052615,-0.20565,-0.15693,0.0072911,-0.13629,0.074094,-0.17797,-0.14594,-0.0030955,0.085367,0.053176,0.14234,-0.11579,-0.026016,-0.078056,-0.040331,0.010189,-0.047665,-0.012709,0.040038,-0.041637,-0.027344,0.026729,-0.040874,-0.062536,-0.044617,-0.029586,-0.033425,0.013049,-0.0097544,0.008331,0.023064,0.041309,0.00085872,-0.028604,-0.028751,-0.021924,-0.006071,0.01975,0.012849,0.0016823,-0.013622,0.00013254,-0.0029023,0.00065079,0.00058825,0.00065886,0.0038543,0.1
0.10475,0.10989,0.10569,-0.24169,0.25317,-0.26243,0.21699,-0.063333,0.056017,-0.1674,-0.030656,0.028356,0.17991,-0.30851,0.049414,0.057557,-0.14475,0.029502,-0.14296,-0.0063492,-0.027286,0.052498,-0.03529,-0.0017944,-0.020446,-0.027021,0.079164,0.4122,0.01267,-0.051511,0.05733,0.018084,-0.30848,-0.076122,0.10524,0.11227,0.034778,0.19126,0.00040951,0.12626,0.02079,0.035697,-0.053556,-0.046535,-0.16005,0.026428,0.079965,-0.062366,-0.01407,-0.09774,-0.096875,0.1266,0.062478,-0.025123,0.034971,-0.045382,-0.085602,-0.012222,0.10001,-0.038304,0.01507,-0.11499,0.037206,-0.0072998,0.063345,-0.025846,0.038042,-0.038731,-0.011738,-0.057481,-0.020087,0.018991,-0.038117,0.014113,-0.00071953,-0.01227,0.018457,0.031072,-0.024757,0.011128,-0.0035952,-0.017981,0.01058,-0.0016617,0.013549,-0.017746,0.013109,0.0091971,0.013796,0.01553,-0.0071433,0.013999,-0.0072845,0.0092875,-0.0061681,-0.0050434,-0.0019129,0.0014289,-0.00033703,0.1
0.10777,0.10363,0.10463,-0.25884,0.29148,-0.33964,0.32362,-0.18981,-0.43381,0.36884,0.010731,-0.022369,-0.20482,0.26548,-0.027716,-0.022634,0.079616,-0.037341,0.061126,-0.033006,-0.029451,0.018857,-0.0041059,-0.0037192,0.066703,-0.035481,-0.033106,-0.12338,-0.0063487,0.022096,-0.01265,0.0048104,0.080236,0.058323,0.0022535,-0.040023,-0.0087832,-0.053417,-0.018952,0.01735,-0.064997,-0.028684,0.047177,-0.043316,0.099166,0.0644,-0.080356,-0.026864,-0.022007,0.076677,-0.036069,-0.044261,0.06276,0.054582,-0.0043218,0.038201,-0.012528,0.048087,0.042609,0.0016482,-0.017542,-0.0090642,-0.042188,0.028033,0.0055963,0.02097,0.016499,-0.0085081,0.0099258,0.0021943,-0.012738,0.011412,0.010707,-0.0069786,0.0090763,0.019507,0.015033,0.0062642,0.012138,-0.0031595,0.0016236,-0.0049217,-0.0073537,-0.014768,0.0019912,0.0061169,0.0090607,0.0017626,0.00791,-0.0033161,-0.0064755,0.00024373,0.0088545,-0.0014757,0.002367,0.0023752,0.0026129,-0.0027776,0.00035019,0.1
